position_id,entry_utc,close_utc,market_slug,event_slug,kind,league,market,side,outcome,order_types,fills,orders,qty_bought,qty_sold,entry_price,capital_at_risk,fees,exit_price,settle_price,status,realized_pnl,return,timing,event_start_utc,start_source,clv_close_price,clv,clv_note
P-af341087c3,2026-01-10T22:17:44.120773Z,2026-01-11T00:49:19.252996Z,aec-nfl-lar-car-2026-01-10,nfl-lar-car-2026-01-10,single,nfl,Los Angeles R vs. Carolina,YES,Rams,LIMIT/IMMEDIATE_OR_CANCEL,1,1,10,0,0.95,9.51,0.01,,1,settled,0.49,0.05152471083070452155625657203,unknown,,,,,event not in public reference
P-23d75eec17,2026-01-11T00:49:55.280122Z,2026-01-11T04:36:13.661289Z,aec-nfl-gb-chi-2026-01-10,nfl-gb-chi-2026-01-10,single,nfl,Green Bay vs. Chicago,NO,Bears,LIMIT/IMMEDIATE_OR_CANCEL,2,2,22,0,0.4694545454545454545454545455,10.339,0.011,,1,settled,11.661,1.127865364155140729277492988,pregame,2026-01-11T01:00:00.000000Z,public reference: Polymarket international Gamma startTime + CLOB prices-history (fidelity 1m),0.455,-0.0144545454545454545454545455,cross-venue proxy (Polymarket intl last print before start)
P-debe467406,2026-01-11T17:04:08.393254Z,2026-01-11T23:48:09.037234Z,aec-nfl-sf-phi-2026-01-11,nfl-sf-phi-2026-01-11,single,nfl,San Francisco vs. Philadelphia,YES,49ers,LIMIT/DAY+LIMIT/IMMEDIATE_OR_CANCEL,7,7,86,86,0.3180581395348837209302325581,27.381,0.094,0.2352558139534883720930232558,1,exited,-7.215,-0.2635038895584529418209707461,mixed,2026-01-11T21:30:00.000000Z,public reference: Polymarket international Gamma startTime + CLOB prices-history (fidelity 1m),,,mixed entry: no pre-start close to compare
P-6c02ae7055,2026-01-11T17:05:11.400464Z,2026-01-11T20:48:45.955535Z,aec-nfl-buf-jax-2026-01-11,nfl-buf-jax-2026-01-11,single,nfl,Buffalo vs. Jacksonville,NO,Jaguars,LIMIT/IMMEDIATE_OR_CANCEL,3,3,18,18,0.5405,9.739,0.017,0.615,0,exited,1.324,0.1359482493069103604066125886,mixed,2026-01-11T18:00:00.000000Z,public reference: Polymarket international Gamma startTime + CLOB prices-history (fidelity 1m),,,mixed entry: no pre-start close to compare
P-98d9d3404e,2026-01-11T20:49:01.768346Z,2026-01-11T21:06:33.785036Z,aec-nfl-buf-jax-2026-01-11,nfl-buf-jax-2026-01-11,single,nfl,Buffalo vs. Jacksonville,YES,Bills,LIMIT/IMMEDIATE_OR_CANCEL,2,2,28,0,0.44575,12.494,0.013,,1,settled,15.506,1.241075716343845045621898511,in-play,2026-01-11T18:00:00.000000Z,public reference: Polymarket international Gamma startTime + CLOB prices-history (fidelity 1m),,,in-play entry: no pre-start close to compare
P-86f35704fb,2026-01-11T21:12:03.539340Z,2026-01-12T04:05:48.776429Z,aec-nfl-lac-ne-2026-01-11,nfl-lac-ne-2026-01-11,single,nfl,Los Angeles C vs. New England,NO,Patriots,LIMIT/IMMEDIATE_OR_CANCEL,1,1,12,0,0.65,7.808,0.008,,1,settled,4.192,0.536885245901639344262295082,pregame,2026-01-12T01:00:00.000000Z,public reference: Polymarket international Gamma startTime + CLOB prices-history (fidelity 1m),0.645,-0.005,cross-venue proxy (Polymarket intl last print before start)
P-af7a5dfab7,2026-01-11T22:50:36.125997Z,2026-01-12T00:46:34.514677Z,aec-nfl-sf-phi-2026-01-11,nfl-sf-phi-2026-01-11,single,nfl,San Francisco vs. Philadelphia,NO,Eagles,LIMIT/IMMEDIATE_OR_CANCEL,6,6,46,13,0.6888043478260869565217391304,31.717,0.036,0.671,0,settled,-22.998,-0.7251001040451492890248131917,in-play,2026-01-11T21:30:00.000000Z,public reference: Polymarket international Gamma startTime + CLOB prices-history (fidelity 1m),,,in-play entry: no pre-start close to compare
P-24484a25ae,2026-01-13T00:10:45.802112Z,2026-01-13T04:14:49.145348Z,aec-nfl-hou-pit-2026-01-12,nfl-hou-pit-2026-01-12,single,nfl,Houston vs. Pittsburgh,YES,Texans,LIMIT/IMMEDIATE_OR_CANCEL,2,1,20,0,0.599,11.992,0.012,,1,settled,8.008,0.6677785190126751167444963309,pregame,2026-01-13T01:15:00.000000Z,public reference: Polymarket international Gamma startTime + CLOB prices-history (fidelity 1m),0.595,-0.004,cross-venue proxy (Polymarket intl last print before start)
P-7ce20b6d1c,2026-01-18T17:45:01.998389Z,2026-01-18T23:19:24.116314Z,aec-nfl-hou-ne-2026-01-18,nfl-hou-ne-2026-01-18,single,nfl,Houston vs. New England,NO,Patriots,LIMIT/IMMEDIATE_OR_CANCEL,1,1,24,0,0.613,14.727,0.015,,1,settled,9.273,0.6296598085149724994907313098,pregame,2026-01-18T20:00:00.000000Z,public reference: Polymarket international Gamma startTime + CLOB prices-history (fidelity 1m),0.635,0.022,cross-venue proxy (Polymarket intl last print before start)
P-5ebd224e57,2026-01-18T23:41:56.996188Z,2026-01-19T01:03:41.735364Z,aec-nfl-lar-chi-2026-01-18,nfl-lar-chi-2026-01-18,single,nfl,Los Angeles R vs. Chicago,NO,Bears,LIMIT/IMMEDIATE_OR_CANCEL,3,3,31,31,0.3143225806451612903225806452,9.754,0.03,0.369,0,exited,1.665,0.170699200328070535165060488,unknown,,,,,event not in public reference
P-26ff30b5fa,2026-01-19T01:05:05.103360Z,2026-01-19T03:13:38.168158Z,aec-nfl-lar-chi-2026-01-18,nfl-lar-chi-2026-01-18,single,nfl,Los Angeles R vs. Chicago,YES,Rams,LIMIT/IMMEDIATE_OR_CANCEL,1,1,24,0,0.603,14.486,0.014,,1,settled,9.514,0.656772055777992544525748999,unknown,,,,,event not in public reference
P-e7665600b8,2026-01-19T03:14:41.805651Z,2026-01-25T23:05:05.345776Z,aec-nfl-ne-den-2026-01-25,nfl-ne-den-2026-01-25,single,nfl,New England vs. Denver,YES,Patriots,LIMIT/IMMEDIATE_OR_CANCEL,2,1,222,0,0.7198063063063063063063063063,159.957,0.16,,1,settled,62.043,0.3878729908662953168664078471,pregame,2026-01-25T20:00:00.000000Z,public reference: Polymarket international Gamma startTime + CLOB prices-history (fidelity 1m),0.655,-0.0648063063063063063063063063,cross-venue proxy (Polymarket intl last print before start)
P-625bde1ddf,2026-01-25T23:42:50.183550Z,2026-01-26T02:52:12.965611Z,aec-nfl-lar-sea-2026-01-25,nfl-lar-sea-2026-01-25,single,nfl,Los Angeles R vs. Seattle,NO,Seahawks,LIMIT/DAY,3,2,424,0,0.5213443396226415094339622642,221.271,0.221,,1,settled,202.729,0.9162023039621098110461831871,unknown,,,,,event not in public reference
P-966646997d,2026-01-28T03:34:46.584958Z,2026-01-28T04:21:17.514085Z,aec-nba-det-den-2026-01-27,nba-det-den-2026-01-27,single,nba,Detroit vs. Denver 2026-01-27,NO,Nuggets,LIMIT/DAY,1,1,53,0,0.187,9.921,0.01,,0,settled,-9.921,-1,in-play,2026-01-28T02:00:00.000000Z,public reference: Polymarket international Gamma startTime + CLOB prices-history (fidelity 1m),,,in-play entry: no pre-start close to compare
P-51d4d28693,2026-01-28T03:57:15.702744Z,2026-01-28T04:45:57.765687Z,aec-nba-bkn-pho-2026-01-27,nba-bkn-pho-2026-01-27,single,nba,Brooklyn vs. Phoenix 2026-01-27,YES,Nets,LIMIT/DAY,1,1,49,0,0.2,9.81,0.01,,0,settled,-9.81,-1,unknown,,,,,event not in public reference
P-6ba4860321,2026-01-28T03:57:27.288759Z,2026-01-28T04:46:07.420281Z,aec-nba-lac-uta-2026-01-27,nba-lac-uta-2026-01-27,single,nba,Los Angeles C vs. Utah 2026-01-27,NO,Jazz,LIMIT/DAY+LIMIT/IMMEDIATE_OR_CANCEL,2,2,34,34,0.292,9.938,0.043,0.043,,exited,-8.509,-0.8562084926544576373515797947,in-play,2026-01-28T03:00:00.000000Z,public reference: Polymarket international Gamma startTime + CLOB prices-history (fidelity 1m),,,in-play entry: no pre-start close to compare
P-5b42a75eb9,2026-01-28T20:16:23.359761Z,2026-01-29T02:28:13.298117Z,aec-nba-lal-cle-2026-01-28,nba-lal-cle-2026-01-28,single,nba,Los Angeles L vs. Cleveland 2026-01-28,NO,Cavaliers,LIMIT/DAY,2,1,16,0,0.589,9.434,0.01,,1,settled,6.566,0.6959932160271358914564341743,unknown,,,,,event not in public reference
P-585aef0835,2026-01-28T20:16:37.974474Z,2026-01-29T02:27:43.068741Z,aec-nba-chi-ind-2026-01-28,nba-chi-ind-2026-01-28,single,nba,Chicago vs. Indiana 2026-01-28,YES,Bulls,LIMIT/DAY,2,1,18,0,0.555,10,0.01,,0,settled,-10,-1,unknown,,,,,event not in public reference
P-91e7a819fa,2026-01-28T20:16:52.616023Z,2026-01-29T03:05:10.168370Z,aec-nba-orl-mia-2026-01-28,nba-orl-mia-2026-01-28,single,nba,Orlando vs. Miami 2026-01-28,NO,Heat,LIMIT/DAY,2,1,17,0,0.587,9.989,0.01,,0,settled,-9.989,-1,pregame,2026-01-29T00:30:00.000000Z,public reference: Polymarket international Gamma startTime + CLOB prices-history (fidelity 1m),0.585,-0.002,cross-venue proxy (Polymarket intl last print before start)
P-b35b5f0cc6,2026-01-28T20:17:02.152219Z,2026-01-29T02:51:41.755524Z,aec-nba-atl-bos-2026-01-28,nba-atl-bos-2026-01-28,single,nba,Atlanta vs. Boston 2026-01-28,NO,Celtics,LIMIT/DAY,2,1,15,0,0.664,9.97,0.01,,0,settled,-9.97,-1,pregame,2026-01-29T00:30:00.000000Z,public reference: Polymarket international Gamma startTime + CLOB prices-history (fidelity 1m),0.655,-0.009,cross-venue proxy (Polymarket intl last print before start)
P-c1e2e26d5c,2026-01-28T20:17:12.768418Z,2026-01-29T02:55:29.729397Z,aec-nba-ny-tor-2026-01-28,nba-ny-tor-2026-01-28,single,nba,New York vs. Toronto 2026-01-28,NO,Raptors,LIMIT/DAY,1,1,18,0,0.539,9.712,0.01,,0,settled,-9.712,-1,unknown,,,,,event not in public reference
P-2da7e8a6ae,2026-01-28T20:17:46.798345Z,2026-01-29T03:54:53.761846Z,aec-nba-min-dal-2026-01-28,nba-min-dal-2026-01-28,single,nba,Minnesota vs. Dallas 2026-01-28,YES,Timberwolves,LIMIT/DAY,3,1,35,0,0.712,24.945,0.025,,1,settled,10.055,0.4030867909400681499298456605,pregame,2026-01-29T01:30:00.000000Z,public reference: Polymarket international Gamma startTime + CLOB prices-history (fidelity 1m),0.735,0.023,cross-venue proxy (Polymarket intl last print before start)
P-3a0dfab318,2026-01-28T20:17:59.193871Z,2026-01-29T04:24:03.575717Z,aec-nba-gs-uta-2026-01-28,nba-gs-uta-2026-01-28,single,nba,Golden State vs. Utah 2026-01-28,YES,Warriors,LIMIT/DAY,1,1,34,0,0.726,24.709,0.025,,1,settled,9.291,0.3760168359706989356105062933,unknown,,,,,event not in public reference
P-01022cdeaf,2026-01-28T20:18:07.696483Z,2026-01-29T05:02:15.824681Z,aec-nba-sa-hou-2026-01-28,nba-sa-hou-2026-01-28,single,nba,San Antonio vs. Houston 2026-01-28,NO,Rockets,LIMIT/DAY,2,1,17,0,0.569,9.683,0.01,,0,settled,-9.683,-1,unknown,,,,,event not in public reference
P-aa5f7c05da,2026-01-28T20:18:34.923794Z,2026-01-29T03:11:52.743024Z,aec-nba-cha-mem-2026-01-28,nba-cha-mem-2026-01-28,single,nba,Charlotte vs. Memphis 2026-01-28,YES,Hornets,LIMIT/DAY,1,1,18,0,0.552,9.946,0.01,,1,settled,8.054,0.8097727729740599235873718078,pregame,2026-01-29T01:00:00.000000Z,public reference: Polymarket international Gamma startTime + CLOB prices-history (fidelity 1m),0.555,0.003,cross-venue proxy (Polymarket intl last print before start)
P-a4a6e395a4,2026-01-31T01:37:58.343637Z,2026-01-31T02:54:01.852685Z,aec-nba-por-ny-2026-01-30,nba-por-ny-2026-01-30,single,nba,Portland vs. New York 2026-01-30,NO,Knicks,LIMIT/DAY,2,1,427,0,0.8914121779859484777517564403,381.014,0.381,,1,settled,45.986,0.1206937277895300435154613741,unknown,,,,,event not in public reference
P-244b5f74eb,2026-01-31T04:22:42.355342Z,2026-01-31T05:13:10.849495Z,aec-cbb-unlv-nevada-2026-01-30,cbb-unlv-nevada-2026-01-30,single,cbb,UNLV vs. Nevada 2026-01-30,NO,Wolf Pack,LIMIT/DAY,2,1,55,0,0.9,49.55,0.05,,1,settled,5.45,0.1099899091826437941473259334,in-play,2026-01-31T03:00:00.000000Z,public reference: Polymarket international Gamma startTime + CLOB prices-history (fidelity 1m),,,in-play entry: no pre-start close to compare
P-5ff6fb2ba4,2026-01-31T04:22:58.428939Z,2026-01-31T05:55:06.639401Z,aec-nba-det-gs-2026-01-30,nba-det-gs-2026-01-30,single,nba,Detroit vs. Golden State 2026-01-30,YES,Pistons,LIMIT/DAY,1,1,122,0,0.813,99.285,0.099,,1,settled,22.715,0.2287858186030115324570680365,unknown,,,,,event not in public reference
P-571896bcb9,2026-01-31T19:12:14.999562Z,2026-01-31T19:37:09.183084Z,aec-nba-sa-cha-2026-01-31,nba-sa-cha-2026-01-31,single,nba,San Antonio vs. Charlotte 2026-01-31,NO,Hornets,LIMIT/DAY,3,1,130,0,0.7638461538461538461538461538,99.4,0.1,,1,settled,30.6,0.3078470824949698189134808853,unknown,,,,,event not in public reference
P-95da3e3db8,2026-02-01T00:29:55.032122Z,2026-02-01T01:07:23.494999Z,aec-cbb-nd-syra-2026-01-31,cbb-nd-syra-2026-01-31,single,cbb,Notre Dame vs. Syracuse 2026-01-31,NO,Orange,LIMIT/DAY,5,1,506,0,0.9475533596837944664031620553,479.941,0.479,,1,settled,26.059,0.054296257248286768581971534,in-play,2026-01-31T23:00:00.000000Z,public reference: Polymarket international Gamma startTime + CLOB prices-history (fidelity 1m),,,in-play entry: no pre-start close to compare
P-e6e20a8f47,2026-02-01T02:01:43.242977Z,2026-02-01T05:00:52.398990Z,aec-ufc-alevol-dielop-2026-01-31,ufc-alevol-dielop-2026-01-31,single,ufc,Alexander Volkanovski vs. Diego Lopes 2026-01-31,NO,Diego Lopes,LIMIT/DAY,1,1,11,0,0.436,4.801,0.005,,0,settled,-4.801,-1,unknown,,,,,event not in public reference
P-4e1f9997c7,2026-02-01T02:01:53.541000Z,2026-02-01T04:04:17.710508Z,aec-ufc-danhoo-bensai-2026-01-31,ufc-danhoo-bensai-2026-01-31,single,ufc,Dan Hooker vs. Benoît Saint Denis 2026-01-31,YES,Dan Hooker,LIMIT/DAY,1,1,20,0,0.242,4.845,0.005,,0,settled,-4.845,-1,unknown,,,,,event not in public reference
P-4ce85a187f,2026-02-01T02:01:59.990933Z,2026-02-01T03:05:32.091303Z,aec-ufc-taitui-taltei-2026-01-31,ufc-taitui-taltei-2026-01-31,single,ufc,Tai Tuivasa vs. Tallison Teixeira 2026-01-31,YES,Tai Tuivasa,LIMIT/DAY,1,1,15,0,0.313,4.7,0.005,,0,settled,-4.7,-1,unknown,,,,,event not in public reference
P-1241c7d2af,2026-02-01T02:02:06.152658Z,2026-02-01T03:34:12.650870Z,aec-ufc-raffiz-mauruf-2026-01-31,ufc-raffiz-mauruf-2026-01-31,single,ufc,Rafael Fiziev vs. Mauricio Ruffy 2026-01-31,NO,Mauricio Ruffy,LIMIT/DAY,1,1,10,0,0.471,4.715,0.005,,1,settled,5.285,1.120890774125132555673382821,unknown,,,,,event not in public reference
P-8292e7c2fe,2026-02-01T02:03:38.765694Z,2026-02-01T02:26:37.387036Z,aec-ufc-jammul-quisal-2026-01-31,ufc-jammul-quisal-2026-01-31,single,ufc,Jamie Mullarkey vs. Quillan Salkilld 2026-01-31,YES,Jamie Mullarkey,LIMIT/DAY,1,1,31,0,0.16,4.965,0.005,,0,settled,-4.965,-1,unknown,,,,,event not in public reference
P-1cc4d8444f,2026-02-01T23:56:19.651834Z,2026-02-02T01:32:45.017100Z,aec-nba-uta-tor-2026-02-01,nba-uta-tor-2026-02-01,single,nba,Utah vs. Toronto 2026-02-01,NO,Raptors,LIMIT/DAY,1,1,13,0,0.745,9.695,0.01,,1,settled,3.305,0.3408973697782362042289840124,in-play,2026-02-01T23:00:00.000000Z,public reference: Polymarket international Gamma startTime + CLOB prices-history (fidelity 1m),,,in-play entry: no pre-start close to compare
P-1f00b4278b,2026-02-01T23:56:34.430748Z,2026-02-02T01:23:57.687641Z,aec-nba-chi-mia-2026-02-01,nba-chi-mia-2026-02-01,single,nba,Chicago vs. Miami 2026-02-01,NO,Heat,LIMIT/DAY,1,1,51,0,0.972,49.622,0.05,,1,settled,1.378,0.02776994075208576840917335053,in-play,2026-02-01T23:00:00.000000Z,public reference: Polymarket international Gamma startTime + CLOB prices-history (fidelity 1m),,,in-play entry: no pre-start close to compare
P-2fba17620b,2026-02-01T23:56:55.594594Z,2026-02-02T01:26:23.447542Z,aec-nba-sac-was-2026-02-01,nba-sac-was-2026-02-01,single,nba,Sacramento vs. Washington 2026-02-01,NO,Wizards,LIMIT/DAY,4,1,377,0,0.7939628647214854111405835544,299.623,0.299,,1,settled,77.377,0.2582478648167864282782029417,in-play,2026-02-01T23:00:00.000000Z,public reference: Polymarket international Gamma startTime + CLOB prices-history (fidelity 1m),,,in-play entry: no pre-start close to compare
P-44904e061c,2026-02-02T01:46:38.997307Z,2026-02-02T03:33:04.589938Z,aec-nba-lac-pho-2026-02-01,nba-lac-pho-2026-02-01,single,nba,Los Angeles C vs. Phoenix 2026-02-01,YES,Clippers,LIMIT/DAY,3,2,645,0,0.9613472868217054263565891473,620.689,0.62,,1,settled,24.311,0.03916776356597265297113369175,unknown,,,,,event not in public reference
P-41b3656204,2026-02-02T01:46:58.851029Z,2026-02-02T01:48:36.270372Z,aec-nhl-bos-tb-2026-02-01,nhl-bos-tb-2026-02-01,single,nhl,BOS Bruins vs. TB Lightning 2026-02-01,NO,Lightning,LIMIT/DAY+LIMIT/IMMEDIATE_OR_CANCEL,4,2,212,212,0.0938773584905660377358490566,19.922,0.199,0.1580613207547169811320754717,,exited,13.408,0.6730247967071579158719004116,in-play,2026-02-01T23:30:00.000000Z,public reference: Polymarket international Gamma startTime + CLOB prices-history (fidelity 1m),,,in-play entry: no pre-start close to compare
P-80a6032963,2026-02-02T01:50:11.406691Z,2026-02-02T02:25:53.310504Z,aec-nba-lal-ny-2026-02-01,nba-lal-ny-2026-02-01,single,nba,Los Angeles L vs. New York 2026-02-01,NO,Knicks,LIMIT/DAY,3,1,99,0,0.7217676767676767676767676768,71.527,0.072,,1,settled,27.473,0.3840927202315209641114544158,unknown,,,,,event not in public reference
P-39ac8a0aa6,2026-02-02T03:42:08.618608Z,2026-02-02T04:17:59.769902Z,aec-nba-cle-por-2026-02-01,nba-cle-por-2026-02-01,single,nba,Cleveland vs. Portland 2026-02-01,YES,Cavaliers,LIMIT/DAY,4,1,689,0,0.9347474600870827285921625544,644.685,0.644,,1,settled,44.315,0.0687389965642135306389942375,in-play,2026-02-02T02:00:00.000000Z,public reference: Polymarket international Gamma startTime + CLOB prices-history (fidelity 1m),,,in-play entry: no pre-start close to compare
P-16e0b718b6,2026-02-02T04:18:44.973611Z,2026-02-02T04:28:55.545571Z,aec-nba-orl-sa-2026-02-01,nba-orl-sa-2026-02-01,single,nba,Orlando vs. San Antonio 2026-02-01,NO,Spurs,LIMIT/DAY,3,1,709,0,0.9712228490832157968970380818,689.286,0.689,,1,settled,19.714,0.02860060990648294031795219981,unknown,,,,,event not in public reference
P-8a95879036,2026-02-02T04:41:26.460067Z,2026-02-02T05:20:03.326676Z,aec-nhl-veg-ana-2026-02-01,nhl-veg-ana-2026-02-01,single,nhl,VEG Golden Knights vs. ANA Ducks 2026-02-01,NO,Ducks,LIMIT/DAY,12,3,1070,368,0.9416747663551401869158878505,1008.601,1.077,0.8140652173913043478260869565,1,settled,-7.093,-0.007032513352653824455855189515,unknown,,,,,event not in public reference
P-dc08339869,2026-02-03T02:24:56.103538Z,2026-02-03T02:25:36.842020Z,aec-nhl-ott-pit-2026-02-02,nhl-ott-pit-2026-02-02,single,nhl,OTT Senators vs. PIT Penguins 2026-02-02,NO,Penguins,LIMIT/DAY+LIMIT/IMMEDIATE_OR_CANCEL,2,2,11,11,0.444,4.889,0.014,0.137,,exited,-3.391,-0.693597872775618735937819595,in-play,2026-02-03T00:00:00.000000Z,public reference: Polymarket international Gamma startTime + CLOB prices-history (fidelity 1m),,,in-play entry: no pre-start close to compare
P-a00bf10a9f,2026-02-03T02:25:59.815689Z,2026-02-03T02:33:18.844078Z,aec-nba-hou-ind-2026-02-02,nba-hou-ind-2026-02-02,single,nba,Houston vs. Indiana 2026-02-02,YES,Rockets,LIMIT/DAY,1,1,116,0,0.861,99.976,0.1,,1,settled,16.024,0.1602784668320396895254861167,in-play,2026-02-03T00:00:00.000000Z,public reference: Polymarket international Gamma startTime + CLOB prices-history (fidelity 1m),,,in-play entry: no pre-start close to compare
P-e493a5ff7d,2026-02-03T02:26:16.659891Z,2026-02-03T03:15:47.263753Z,aec-nba-min-mem-2026-02-02,nba-min-mem-2026-02-02,single,nba,Minnesota vs. Memphis 2026-02-02,NO,Grizzlies,LIMIT/DAY,7,3,706,0,0.8434660056657223796033994334,596.081,0.594,,1,settled,109.919,0.1844027908958681789890971194,in-play,2026-02-03T00:30:00.000000Z,public reference: Polymarket international Gamma startTime + CLOB prices-history (fidelity 1m),,,in-play entry: no pre-start close to compare
P-476e0518c4,2026-02-03T03:36:10.880744Z,2026-02-03T04:19:56.040896Z,aec-cbb-incar-tamu-2026-02-02,cbb-incar-tamu-2026-02-02,single,cbb,Incarnate Word vs. Texas A&M-Corpus Christi 2026-02-02,YES,Cardinals,LIMIT/DAY,1,1,35,0,0.563,19.725,0.02,,1,settled,15.275,0.7743979721166032953105196451,in-play,2026-02-03T01:00:00.000000Z,public reference: Polymarket international Gamma startTime + CLOB prices-history (fidelity 1m),,,in-play entry: no pre-start close to compare
P-17ee716853,2026-02-03T03:37:10.561397Z,2026-02-03T05:33:19.667054Z,aec-nba-phi-lac-2026-02-02,nba-phi-lac-2026-02-02,single,nba,Philadelphia vs. Los Angeles C 2026-02-02,YES,76ers,LIMIT/DAY,5,4,876,0,0.8217203196347031963470319635,720.547,0.72,,1,settled,155.453,0.2157430396629227517427731987,in-play,2026-02-03T03:00:00.000000Z,public reference: Polymarket international Gamma startTime + CLOB prices-history (fidelity 1m),,,in-play entry: no pre-start close to compare
P-4849e60257,2026-02-03T23:46:46.924259Z,2026-02-04T00:29:03.096914Z,aec-cbb-miaoh-buf-2026-02-03,cbb-miaoh-buf-2026-02-03,single,cbb,Miami (OH) vs. Buffalo 2026-02-03,YES,RedHawks,LIMIT/DAY+LIMIT/IMMEDIATE_OR_CANCEL,3,3,428,428,0.8159532710280373831775700935,349.578,0.421,0.834,,exited,7.303,0.02089090274559611874889152063,in-play,2026-02-03T23:30:00.000000Z,public reference: Polymarket international Gamma startTime + CLOB prices-history (fidelity 1m),,,in-play entry: no pre-start close to compare
P-0d9b72b9d8,2026-02-03T23:47:08.802982Z,2026-02-04T01:35:06.236487Z,aec-cbb-akron-emich-2026-02-03,cbb-akron-emich-2026-02-03,single,cbb,Akron vs. Eastern Michigan 2026-02-03,NO,Eagles,LIMIT/DAY,8,7,618,471,0.2096035598705501618122977346,129.665,0.431,0.3596878980891719745222929936,0,settled,39.447,0.3042224193113022018277869895,in-play,2026-02-03T23:30:00.000000Z,public reference: Polymarket international Gamma startTime + CLOB prices-history (fidelity 1m),,,in-play entry: no pre-start close to compare
P-a7861cc044,2026-02-03T23:48:43.875101Z,2026-02-04T01:02:38.172387Z,aec-cbb-cans-niagra-2026-02-03,cbb-cans-niagra-2026-02-03,single,cbb,Canisius vs. Niagara 2026-02-03,NO,Purple Eagles,LIMIT/DAY+LIMIT/IMMEDIATE_OR_CANCEL,6,3,333,333,0.8996426426426426426426426426,299.88,0.354,0.8327507507507507507507507508,,exited,-22.629,-0.07546018407362945178071228491,in-play,2026-02-03T23:30:00.000000Z,public reference: Polymarket international Gamma startTime + CLOB prices-history (fidelity 1m),,,in-play entry: no pre-start close to compare
P-7fb3d92b00,2026-02-04T00:30:13.321809Z,2026-02-04T01:03:28.315619Z,aec-cbb-stbon-day-2026-02-03,cbb-stbon-day-2026-02-03,single,cbb,St. Bonaventure vs. Dayton 2026-02-03,YES,Bonnies,LIMIT/DAY+LIMIT/IMMEDIATE_OR_CANCEL,3,2,18,18,0.265,4.775,0.022,0.06072222222222222222222222222,,exited,-3.699,-0.7746596858638743455497382199,in-play,2026-02-04T00:00:00.000000Z,public reference: Polymarket international Gamma startTime + CLOB prices-history (fidelity 1m),,,in-play entry: no pre-start close to compare
P-f023c77e83,2026-02-04T00:30:32.916504Z,2026-02-04T01:12:53.188652Z,aec-cbb-miss-tenn-2026-02-03,cbb-miss-tenn-2026-02-03,single,cbb,Ole Miss vs. Tennessee 2026-02-03,YES,Rebels,LIMIT/DAY+LIMIT/IMMEDIATE_OR_CANCEL,3,2,44,44,0.1128181818181818181818181818,4.969,0.044,0.118,,exited,0.184,0.03702958341718655665123767358,in-play,2026-02-04T00:00:00.000000Z,public reference: Polymarket international Gamma startTime + CLOB prices-history (fidelity 1m),,,in-play entry: no pre-start close to compare
P-c8647cf31c,2026-02-04T00:31:11.332457Z,2026-02-04T02:14:30.845638Z,aec-cbb-sill-illst-2026-02-03,cbb-sill-illst-2026-02-03,single,cbb,Southern Illinois vs. Illinois State 2026-02-03,YES,Salukis,LIMIT/DAY,3,2,96,0,0.25825,24.816,0.024,,1,settled,71.184,2.868471953578336557059961315,in-play,2026-02-04T00:00:00.000000Z,public reference: Polymarket international Gamma startTime + CLOB prices-history (fidelity 1m),,,in-play entry: no pre-start close to compare
P-dcfa139010,2026-02-04T00:31:59.205565Z,2026-02-04T02:14:10.826440Z,aec-cbb-sc-tx-2026-02-03,cbb-sc-tx-2026-02-03,single,cbb,South Carolina vs. Texas 2026-02-03,YES,Gamecocks,LIMIT/DAY,2,1,52,0,0.191,9.941,0.009,,0,settled,-9.941,-1,in-play,2026-02-04T00:00:00.000000Z,public reference: Polymarket international Gamma startTime + CLOB prices-history (fidelity 1m),,,in-play entry: no pre-start close to compare
P-848c8e826f,2026-02-04T00:32:31.048481Z,2026-02-04T01:04:25.100636Z,aec-cbb-xav-uconn-2026-02-03,cbb-xav-uconn-2026-02-03,single,cbb,Xavier vs. Connecticut 2026-02-03,YES,Musketeers,LIMIT/DAY+LIMIT/IMMEDIATE_OR_CANCEL,6,2,283,283,0.01763250883392226148409893993,4.995,0.287,0.005102473498233215547703180212,,exited,-3.833,-0.7673673673673673673673673674,in-play,2026-02-04T00:00:00.000000Z,public reference: Polymarket international Gamma startTime + CLOB prices-history (fidelity 1m),,,in-play entry: no pre-start close to compare
P-7e7cd1b1f9,2026-02-04T00:33:00.615599Z,2026-02-04T01:04:07.329656Z,aec-cbb-kentst-toledo-2026-02-03,cbb-kentst-toledo-2026-02-03,single,cbb,Kent State vs. Toledo 2026-02-03,YES,Golden Flashes,LIMIT/DAY+LIMIT/IMMEDIATE_OR_CANCEL,3,2,23,23,0.341,7.85,0.027,0.148,,exited,-4.466,-0.5689171974522292993630573248,in-play,2026-02-04T00:00:00.000000Z,public reference: Polymarket international Gamma startTime + CLOB prices-history (fidelity 1m),,,in-play entry: no pre-start close to compare
P-dc7331e8f5,2026-02-04T00:35:18.073742Z,2026-02-04T02:28:28.349462Z,aec-nba-ny-was-2026-02-03,nba-ny-was-2026-02-03,single,nba,New York vs. Washington 2026-02-03,YES,Knicks,LIMIT/DAY,2,1,313,0,0.9554185303514376996805111821,299.345,0.299,,1,settled,13.655,0.04561626217240976131219829962,unknown,,,,,event not in public reference
P-dc946c6090,2026-02-04T00:35:38.213974Z,2026-02-04T02:16:10.600540Z,aec-nba-uta-ind-2026-02-03,nba-uta-ind-2026-02-03,single,nba,Utah vs. Indiana 2026-02-03,NO,Pacers,LIMIT/DAY,5,3,215,160,0.5780883720930232558139534884,124.414,0.241,0.281,0,settled,-79.57,-0.6395582490716478852862218078,in-play,2026-02-04T00:00:00.000000Z,public reference: Polymarket international Gamma startTime + CLOB prices-history (fidelity 1m),,,in-play entry: no pre-start close to compare
P-1546c85eb2,2026-02-04T01:04:57.704755Z,2026-02-04T01:32:32.796589Z,aec-cbb-stbon-day-2026-02-03,cbb-stbon-day-2026-02-03,single,cbb,St. Bonaventure vs. Dayton 2026-02-03,NO,Flyers,LIMIT/DAY+LIMIT/IMMEDIATE_OR_CANCEL,6,2,106,106,0.938773584905660377358490566,99.609,0.138,0.6431509433962264150943396226,,exited,-31.474,-0.3159754640644921643626579928,in-play,2026-02-04T00:00:00.000000Z,public reference: Polymarket international Gamma startTime + CLOB prices-history (fidelity 1m),,,in-play entry: no pre-start close to compare
P-530931dc42,2026-02-04T01:05:23.712093Z,2026-02-04T02:12:45.537366Z,aec-cbb-vcu-fordm-2026-02-03,cbb-vcu-fordm-2026-02-03,single,cbb,VCU vs. Fordham 2026-02-03,YES,Rams,LIMIT/DAY,2,1,105,0,0.947,99.534,0.099,,1,settled,5.466,0.05491590813189462897100488275,in-play,2026-02-04T00:00:00.000000Z,public reference: Polymarket international Gamma startTime + CLOB prices-history (fidelity 1m),,,in-play entry: no pre-start close to compare
P-04ddf6e9a3,2026-02-04T01:05:54.147989Z,2026-02-04T01:12:02.040304Z,aec-cbb-cans-niagra-2026-02-03,cbb-cans-niagra-2026-02-03,single,cbb,Canisius vs. Niagara 2026-02-03,YES,Golden Griffins,LIMIT/DAY+LIMIT/IMMEDIATE_OR_CANCEL,4,2,71,71,0.07022535211267605633802816901,4.991,0.075,0.01,,exited,-4.351,-0.8717691845321578841915447806,in-play,2026-02-03T23:30:00.000000Z,public reference: Polymarket international Gamma startTime + CLOB prices-history (fidelity 1m),,,in-play entry: no pre-start close to compare
P-46e889d21b,2026-02-04T01:06:30.807638Z,2026-02-04T02:14:35.564740Z,aec-cbb-cmich-umass-2026-02-03,cbb-cmich-umass-2026-02-03,single,cbb,Central Michigan vs. Massachusetts 2026-02-03,YES,Chippewas,LIMIT/DAY,1,1,55,0,0.452,24.885,0.025,,0,settled,-24.885,-1,in-play,2026-02-04T00:00:00.000000Z,public reference: Polymarket international Gamma startTime + CLOB prices-history (fidelity 1m),,,in-play entry: no pre-start close to compare
P-4435f219e8,2026-02-04T01:06:45.993574Z,2026-02-04T03:05:55.632209Z,aec-cbb-lasal-loych-2026-02-03,cbb-lasal-loych-2026-02-03,single,cbb,La Salle vs. Loyola Chicago 2026-02-03,YES,Explorers,LIMIT/DAY,4,2,85,0,0.6897176470588235294117647059,58.686,0.06,,0,settled,-58.686,-1,in-play,2026-02-04T01:00:00.000000Z,public reference: Polymarket international Gamma startTime + CLOB prices-history (fidelity 1m),,,in-play entry: no pre-start close to compare
P-a2b9fc75c8,2026-02-04T04:38:00.231894Z,2026-02-04T05:17:55.682120Z,aec-nba-phi-gs-2026-02-03,nba-phi-gs-2026-02-03,single,nba,Philadelphia vs. Golden State 2026-02-03,YES,76ers,LIMIT/DAY,3,1,366,0,0.8186120218579234972677595628,299.911,0.299,,1,settled,66.089,0.2203620407387524965739836151,unknown,,,,,event not in public reference
P-272c9281bf,2026-02-04T04:38:11.912581Z,2026-02-04T06:37:34.862180Z,aec-nba-pho-por-2026-02-03,nba-pho-por-2026-02-03,single,nba,Phoenix vs. Portland 2026-02-03,NO,Trail Blazers,LIMIT/DAY,4,2,274,0,0.7251824817518248175182481752,198.898,0.198,,0,settled,-198.898,-1,unknown,,,,,event not in public reference
P-0a47c3706d,2026-02-04T04:38:49.590906Z,2026-02-04T05:17:21.279219Z,aec-cbb-ind-usc-2026-02-03,cbb-ind-usc-2026-02-03,single,cbb,Indiana vs. USC 2026-02-03,NO,Trojans,LIMIT/DAY,3,2,164,0,0.9084390243902439024390243902,149.132,0.148,,1,settled,14.868,0.09969691280208137757154735402,in-play,2026-02-04T03:00:00.000000Z,public reference: Polymarket international Gamma startTime + CLOB prices-history (fidelity 1m),,,in-play entry: no pre-start close to compare
P-33d7e1d27e,2026-02-05T03:46:12.019777Z,2026-02-05T04:55:52.659049Z,aec-nba-okc-sa-2026-02-04,nba-okc-sa-2026-02-04,single,nba,Oklahoma City vs. San Antonio 2026-02-04,NO,Spurs,LIMIT/DAY,1,1,210,0,0.95,199.7,0.2,,1,settled,10.3,0.05157736604907361041562343515,unknown,,,,,event not in public reference
P-b6bfbb1aa7,2026-02-05T03:57:57.342492Z,2026-02-05T04:28:11.441027Z,aec-cbb-byu-okst-2026-02-04,cbb-byu-okst-2026-02-04,single,cbb,BYU vs. Oklahoma State 2026-02-04,NO,Cowboys,LIMIT/DAY,1,1,202,0,0.985,199.169,0.199,,1,settled,2.831,0.01421405941687712445209846914,in-play,2026-02-05T02:00:00.000000Z,public reference: Polymarket international Gamma startTime + CLOB prices-history (fidelity 1m),,,in-play entry: no pre-start close to compare
P-2368381ec2,2026-02-05T03:58:27.351279Z,2026-02-05T05:17:55.914852Z,aec-cbb-gnzg-port-2026-02-04,cbb-gnzg-port-2026-02-04,single,cbb,Gonzaga vs. Portland 2026-02-04,NO,Pilots,LIMIT/DAY,2,2,174,0,0.172,29.958,0.03,,1,settled,144.042,4.808131383937512517524534348,in-play,2026-02-05T03:00:00.000000Z,public reference: Polymarket international Gamma startTime + CLOB prices-history (fidelity 1m),,,in-play entry: no pre-start close to compare
P-cef2b36c6b,2026-02-05T04:02:18.846070Z,2026-02-05T05:41:24.407999Z,aec-nba-cle-lac-2026-02-04,nba-cle-lac-2026-02-04,single,nba,Cleveland vs. Los Angeles C 2026-02-04,YES,Cavaliers,LIMIT/DAY,1,1,125,0,0.797,99.725,0.1,,1,settled,25.275,0.2534469791927801453998495864,in-play,2026-02-05T03:30:00.000000Z,public reference: Polymarket international Gamma startTime + CLOB prices-history (fidelity 1m),,,in-play entry: no pre-start close to compare
P-4d9e3a5867,2026-02-05T23:04:27.268661Z,2026-02-05T23:46:15.559388Z,aec-cbb-bing-umbc-2026-02-05,cbb-bing-umbc-2026-02-05,single,cbb,Binghamton vs. UMBC 2026-02-05,YES,Bearcats,LIMIT/DAY+LIMIT/IMMEDIATE_OR_CANCEL,2,2,12,12,0.158,1.898,0.014,0.029,,exited,-1.562,-0.822971548998946259220231823,in-play,2026-02-05T23:00:00.000000Z,public reference: Polymarket international Gamma startTime + CLOB prices-history (fidelity 1m),,,in-play entry: no pre-start close to compare
P-debd7ad824,2026-02-05T23:17:02.019264Z,2026-02-06T01:14:01.297117Z,aec-cbb-verm-maine-2026-02-05,cbb-verm-maine-2026-02-05,single,cbb,Vermont vs. Maine 2026-02-05,NO,Black Bears,LIMIT/DAY,3,3,221,0,0.718805429864253393665158371,159.015,0.159,,1,settled,61.985,0.3898059931453007577901455837,in-play,2026-02-05T23:00:00.000000Z,public reference: Polymarket international Gamma startTime + CLOB prices-history (fidelity 1m),,,in-play entry: no pre-start close to compare
P-da47f07c7c,2026-02-05T23:18:22.224257Z,2026-02-06T01:28:01.060170Z,aec-cbb-pennst-mich-2026-02-05,cbb-pennst-mich-2026-02-05,single,cbb,Penn State vs. Michigan 2026-02-05,YES,Nittany Lions,LIMIT/DAY,1,1,28,0,0.035,0.981,0.001,,0,settled,-0.981,-1,pregame,2026-02-05T23:30:00.000000Z,public reference: Polymarket international Gamma startTime + CLOB prices-history (fidelity 1m),0.025,-0.01,cross-venue proxy (Polymarket intl last print before start)
P-0b3b0d164d,2026-02-05T23:47:55.323903Z,2026-02-06T01:00:03.486202Z,aec-cbb-albny-bryant-2026-02-05,cbb-albny-bryant-2026-02-05,single,cbb,Albany vs. Bryant 2026-02-05,NO,Bulldogs,LIMIT/DAY,2,2,128,53,0.775,99.299,0.116,0.676,0,settled,-63.488,-0.6393619271090343306579119629,in-play,2026-02-05T23:00:00.000000Z,public reference: Polymarket international Gamma startTime + CLOB prices-history (fidelity 1m),,,in-play entry: no pre-start close to compare
P-768fb800aa,2026-02-06T00:34:22.414830Z,2026-02-06T01:44:20.790864Z,aec-cbb-chist-cencon-2026-02-05,cbb-chist-cencon-2026-02-05,single,cbb,Chicago State vs. Central Connecticut State 2026-02-05,YES,Cougars,LIMIT/DAY,1,1,19,0,0.259,4.926,0.005,,0,settled,-4.926,-1,in-play,2026-02-06T00:00:00.000000Z,public reference: Polymarket international Gamma startTime + CLOB prices-history (fidelity 1m),,,in-play entry: no pre-start close to compare
P-3df5715f24,2026-02-06T00:39:26.501281Z,2026-02-06T02:27:50.371388Z,aec-nba-was-det-2026-02-05,nba-was-det-2026-02-05,single,nba,Washington vs. Detroit 2026-02-05,YES,Wizards,LIMIT/DAY+LIMIT/IMMEDIATE_OR_CANCEL,6,4,729,538,0.4787078189300411522633744856,349.327,0.764,0.229,1,settled,-35.54,-0.1017384857168212019111033502,in-play,2026-02-06T00:00:00.000000Z,public reference: Polymarket international Gamma startTime + CLOB prices-history (fidelity 1m),,,in-play entry: no pre-start close to compare
P-9f8ba7a775,2026-02-06T00:42:22.652993Z,2026-02-06T02:32:00.122805Z,aec-nhl-car-nyr-2026-02-05,nhl-car-nyr-2026-02-05,single,nhl,CAR Hurricanes vs. NYR Rangers 2026-02-05,NO,Rangers,LIMIT/DAY,1,1,23,0,0.211,4.858,0.005,,0,settled,-4.858,-1,in-play,2026-02-06T00:00:00.000000Z,public reference: Polymarket international Gamma startTime + CLOB prices-history (fidelity 1m),,,in-play entry: no pre-start close to compare
P-6ffacd5c60,2026-02-06T00:44:37.687597Z,2026-02-06T01:13:54.297448Z,aec-nhl-fla-tb-2026-02-05,nhl-fla-tb-2026-02-05,single,nhl,FLA Panthers vs. TB Lightning 2026-02-05,YES,Panthers,LIMIT/DAY+LIMIT/IMMEDIATE_OR_CANCEL,2,2,12,12,0.242,2.907,0.014,0.091,,exited,-1.826,-0.6281389748882008943928448572,unknown,,,,,event not in public reference
P-02da8edaba,2026-02-06T00:46:09.685516Z,2026-02-06T02:06:31.057386Z,aec-cbb-drexel-camp-2026-02-05,cbb-drexel-camp-2026-02-05,single,cbb,Drexel vs. Campbell 2026-02-05,YES,Dragons,LIMIT/DAY,1,1,97,0,0.511,49.617,0.05,,0,settled,-49.617,-1,in-play,2026-02-06T00:00:00.000000Z,public reference: Polymarket international Gamma startTime + CLOB prices-history (fidelity 1m),,,in-play entry: no pre-start close to compare
P-3ad1cdff73,2026-02-06T00:49:27.197678Z,2026-02-06T01:28:10.652145Z,aec-cbb-iona-siena-2026-02-05,cbb-iona-siena-2026-02-05,single,cbb,Iona vs. Siena 2026-02-05,YES,Gaels,LIMIT/DAY+LIMIT/IMMEDIATE_OR_CANCEL,4,3,188,188,0.5285638297872340425531914894,99.47,0.26,0.148,0,exited,-71.806,-0.721885995777621393384940183,in-play,2026-02-06T00:00:00.000000Z,public reference: Polymarket international Gamma startTime + CLOB prices-history (fidelity 1m),,,in-play entry: no pre-start close to compare
P-d05019d734,2026-02-06T00:50:42.231508Z,2026-02-06T01:53:56.131258Z,aec-cbb-nfl-uwg-2026-02-05,cbb-nfl-uwg-2026-02-05,single,cbb,North Florida vs. West Georgia 2026-02-05,YES,Ospreys,LIMIT/DAY,2,2,69,0,0.4012608695652173913043478261,27.715,0.028,,1,settled,41.285,1.489626556016597510373443983,in-play,2026-02-06T00:00:00.000000Z,public reference: Polymarket international Gamma startTime + CLOB prices-history (fidelity 1m),,,in-play entry: no pre-start close to compare
P-6bfa0e2719,2026-02-06T00:52:37.666466Z,2026-02-06T02:57:29.428983Z,aec-nba-uta-atl-2026-02-05,nba-uta-atl-2026-02-05,single,nba,Utah vs. Atlanta 2026-02-05,YES,Jazz,LIMIT/DAY,1,1,15,0,0.322,4.835,0.005,,0,settled,-4.835,-1,unknown,,,,,event not in public reference
P-ca3190d76e,2026-02-06T01:01:32.450753Z,2026-02-06T02:49:17.195596Z,aec-nba-chi-tor-2026-02-05,nba-chi-tor-2026-02-05,single,nba,Chicago vs. Toronto 2026-02-05,YES,Bulls,LIMIT/DAY,2,1,27,0,0.1828518518518518518518518519,4.942,0.005,,0,settled,-4.942,-1,unknown,,,,,event not in public reference
P-903bddca27,2026-02-06T01:15:54.486123Z,2026-02-06T02:27:21.929048Z,aec-cbb-merc-chat-2026-02-05,cbb-merc-chat-2026-02-05,single,cbb,Mercer vs. Chattanooga 2026-02-05,YES,Bears,LIMIT/DAY,1,1,18,0,0.53,9.55,0.01,,0,settled,-9.55,-1,in-play,2026-02-06T00:00:00.000000Z,public reference: Polymarket international Gamma startTime + CLOB prices-history (fidelity 1m),,,in-play entry: no pre-start close to compare
P-f18584d5c2,2026-02-06T01:18:52.820729Z,2026-02-06T02:11:56.287279Z,aec-cbb-stpete-manh-2026-02-05,cbb-stpete-manh-2026-02-05,single,cbb,Saint Peter's vs. Manhattan 2026-02-05,NO,Jaspers,LIMIT/DAY,1,1,30,0,0.164,4.925,0.005,,0,settled,-4.925,-1,in-play,2026-02-06T00:00:00.000000Z,public reference: Polymarket international Gamma startTime + CLOB prices-history (fidelity 1m),,,in-play entry: no pre-start close to compare
P-503a24c4f2,2026-02-06T01:29:41.899831Z,2026-02-06T02:04:10.672888Z,aec-cbb-iona-siena-2026-02-05,cbb-iona-siena-2026-02-05,single,cbb,Iona vs. Siena 2026-02-05,NO,Saints,LIMIT/DAY,1,1,119,0,0.834,99.345,0.099,,1,settled,19.655,0.1978458905833207509185162816,in-play,2026-02-06T00:00:00.000000Z,public reference: Polymarket international Gamma startTime + CLOB prices-history (fidelity 1m),,,in-play entry: no pre-start close to compare
P-89c4ee0540,2026-02-06T01:29:51.676345Z,2026-02-06T01:58:41.094681Z,aec-cbb-monm-stbr-2026-02-05,cbb-monm-stbr-2026-02-05,single,cbb,Monmouth vs. Stony Brook 2026-02-05,YES,Hawks,LIMIT/DAY,2,1,125,0,0.79848,99.91,0.1,,1,settled,25.09,0.2511260134120708637773996597,in-play,2026-02-06T00:00:00.000000Z,public reference: Polymarket international Gamma startTime + CLOB prices-history (fidelity 1m),,,in-play entry: no pre-start close to compare
P-ea9b9ca46a,2026-02-06T01:30:21.834363Z,2026-02-06T02:05:15.690495Z,aec-cbb-flgc-ekent-2026-02-05,cbb-flgc-ekent-2026-02-05,single,cbb,Florida Gulf Coast vs. Eastern Kentucky 2026-02-05,YES,Eagles,LIMIT/DAY,1,1,54,0,0.916,49.513,0.049,,0,settled,-49.513,-1,in-play,2026-02-06T00:00:00.000000Z,public reference: Polymarket international Gamma startTime + CLOB prices-history (fidelity 1m),,,in-play entry: no pre-start close to compare
P-441ab70e7d,2026-02-06T01:31:19.618398Z,2026-02-06T01:31:30.279256Z,aec-cbb-nhvn-liub-2026-02-05,cbb-nhvn-liub-2026-02-05,single,cbb,New Haven vs. LIU 2026-02-05,NO,Sharks,LIMIT/DAY+LIMIT/IMMEDIATE_OR_CANCEL,2,2,65,65,0.761,49.514,0.068,0.707,,exited,-3.578,-0.07226239043502847679444197601,in-play,2026-02-06T00:00:00.000000Z,public reference: Polymarket international Gamma startTime + CLOB prices-history (fidelity 1m),,,in-play entry: no pre-start close to compare
P-c10f8fd63c,2026-02-06T01:32:21.109732Z,2026-02-06T03:00:27.121521Z,aec-cbb-den-ndkst-2026-02-05,cbb-den-ndkst-2026-02-05,single,cbb,Denver vs. North Dakota State 2026-02-05,YES,Pioneers,LIMIT/DAY,2,2,309,0,0.3872588996763754045307443366,119.783,0.12,,1,settled,189.217,1.57966489401668016329529232,in-play,2026-02-06T01:00:00.000000Z,public reference: Polymarket international Gamma startTime + CLOB prices-history (fidelity 1m),,,in-play entry: no pre-start close to compare
P-7c7c6a4684,2026-02-06T01:33:08.668326Z,2026-02-06T02:15:30.953107Z,aec-cbb-stfpa-mrcy-2026-02-05,cbb-stfpa-mrcy-2026-02-05,single,cbb,St. Francis (PA) vs. Mercyhurst 2026-02-05,YES,Red Flash,LIMIT/DAY,1,1,73,0,0.68,49.69,0.05,,0,settled,-49.69,-1,in-play,2026-02-06T00:00:00.000000Z,public reference: Polymarket international Gamma startTime + CLOB prices-history (fidelity 1m),,,in-play entry: no pre-start close to compare
P-9b748c4967,2026-02-06T01:53:22.631494Z,2026-02-06T02:07:52.678933Z,aec-cbb-wvir-cin-2026-02-05,cbb-wvir-cin-2026-02-05,single,cbb,West Virginia vs. Cincinnati 2026-02-05,YES,Mountaineers,LIMIT/DAY,2,1,41,0,0.6027073170731707317073170732,24.735,0.024,,1,settled,16.265,0.6575702445926824337982615727,in-play,2026-02-06T00:00:00.000000Z,public reference: Polymarket international Gamma startTime + CLOB prices-history (fidelity 1m),,,in-play entry: no pre-start close to compare
P-8605f10410,2026-02-06T01:54:17.406679Z,2026-02-06T02:37:19.161746Z,aec-cbb-elon-hamp-2026-02-05,cbb-elon-hamp-2026-02-05,single,cbb,Elon vs. Hampton 2026-02-05,YES,Phoenix,LIMIT/DAY+LIMIT/IMMEDIATE_OR_CANCEL,6,4,508,508,0.4257933070866141732283464567,216.52,0.715,0.01898425196850393700787401575,,exited,-207.374,-0.9577590984666543506373545169,in-play,2026-02-06T00:00:00.000000Z,public reference: Polymarket international Gamma startTime + CLOB prices-history (fidelity 1m),,,in-play entry: no pre-start close to compare
P-6a2a197ed8,2026-02-06T02:38:14.339862Z,2026-02-06T03:52:54.715155Z,aec-cbb-ohiost-mary-2026-02-05,cbb-ohiost-mary-2026-02-05,single,cbb,Ohio State vs. Maryland 2026-02-05,YES,Buckeyes,LIMIT/DAY,2,1,108,0,0.9176666666666666666666666667,99.207,0.099,,1,settled,8.793,0.08863285856844779098249115486,in-play,2026-02-06T01:30:00.000000Z,public reference: Polymarket international Gamma startTime + CLOB prices-history (fidelity 1m),,,in-play entry: no pre-start close to compare
P-8d6b964bc2,2026-02-06T02:40:41.419145Z,2026-02-06T03:28:16.525070Z,aec-cbb-jac-arlr-2026-02-05,cbb-jac-arlr-2026-02-05,single,cbb,Lindenwood vs. Little Rock 2026-02-05,YES,Lions,LIMIT/DAY,3,2,153,0,0.7133660130718954248366013072,109.254,0.109,,1,settled,43.746,0.4004063924432972705804821791,in-play,2026-02-06T01:00:00.000000Z,public reference: Polymarket international Gamma startTime + CLOB prices-history (fidelity 1m),,,in-play entry: no pre-start close to compare
P-2653eb49ca,2026-02-06T02:41:25.859633Z,2026-02-06T03:19:02.878425Z,aec-cbb-neom-ndak-2026-02-05,cbb-neom-ndak-2026-02-05,single,cbb,Omaha vs. North Dakota 2026-02-05,YES,Mavericks,LIMIT/DAY,1,1,18,0,0.552,9.946,0.01,,0,settled,-9.946,-1,in-play,2026-02-06T01:00:00.000000Z,public reference: Polymarket international Gamma startTime + CLOB prices-history (fidelity 1m),,,in-play entry: no pre-start close to compare
P-d757204130,2026-02-06T02:51:20.254625Z,2026-02-06T04:18:19.051960Z,aec-cbb-txa-dxst-2026-02-05,cbb-txa-dxst-2026-02-05,single,cbb,UT Arlington vs. Utah Tech 2026-02-05,YES,Mavericks,LIMIT/DAY,2,2,51,0,0.6795294117647058823529411765,34.691,0.035,,0,settled,-34.691,-1,in-play,2026-02-06T02:00:00.000000Z,public reference: Polymarket international Gamma startTime + CLOB prices-history (fidelity 1m),,,in-play entry: no pre-start close to compare
P-1cd084450e,2026-02-06T02:51:39.660642Z,2026-02-06T04:05:49.446133Z,aec-cbb-ewash-mont-2026-02-05,cbb-ewash-mont-2026-02-05,single,cbb,Eastern Washington vs. Montana 2026-02-05,YES,Eagles,LIMIT/DAY,3,2,175,0,0.3397942857142857142857142857,59.524,0.06,,1,settled,115.476,1.93999059203010550366238828,in-play,2026-02-06T02:00:00.000000Z,public reference: Polymarket international Gamma startTime + CLOB prices-history (fidelity 1m),,,in-play entry: no pre-start close to compare
P-e7b5da9c44,2026-02-06T02:52:04.646456Z,2026-02-06T03:49:08.457267Z,aec-cbb-ncol-webst-2026-02-05,cbb-ncol-webst-2026-02-05,single,cbb,Northern Colorado vs. Weber State 2026-02-05,YES,Bears,LIMIT/DAY,1,1,12,0,0.811,9.742,0.01,,1,settled,2.258,0.2317799219872716074727981934,in-play,2026-02-06T02:00:00.000000Z,public reference: Polymarket international Gamma startTime + CLOB prices-history (fidelity 1m),,,in-play entry: no pre-start close to compare
P-02f8bd4b45,2026-02-06T02:52:15.492314Z,2026-02-06T03:57:11.170823Z,aec-cbb-narz-idhst-2026-02-05,cbb-narz-idhst-2026-02-05,single,cbb,Northern Arizona vs. Idaho State 2026-02-05,YES,Lumberjacks,LIMIT/DAY,3,3,87,0,0.6803908045977011494252873563,59.253,0.059,,1,settled,27.747,0.4682800870841982684421041973,in-play,2026-02-06T02:00:00.000000Z,public reference: Polymarket international Gamma startTime + CLOB prices-history (fidelity 1m),,,in-play entry: no pre-start close to compare
P-9360673d98,2026-02-06T02:52:29.292769Z,2026-02-06T03:54:14.602848Z,aec-cbb-idaho-monst-2026-02-05,cbb-idaho-monst-2026-02-05,single,cbb,Idaho vs. Montana State 2026-02-05,NO,Bobcats,LIMIT/DAY,1,1,11,0,0.837,9.216,0.009,,1,settled,1.784,0.1935763888888888888888888889,in-play,2026-02-06T02:00:00.000000Z,public reference: Polymarket international Gamma startTime + CLOB prices-history (fidelity 1m),,,in-play entry: no pre-start close to compare
P-af0e9ba36e,2026-02-06T02:52:46.224489Z,2026-02-06T03:43:28.104341Z,aec-cbb-eill-tenst-2026-02-05,cbb-eill-tenst-2026-02-05,single,cbb,Eastern Illinois vs. Tennessee State 2026-02-05,YES,Panthers,LIMIT/DAY,3,3,298,0,0.3001476510067114093959731544,89.534,0.09,,0,settled,-89.534,-1,in-play,2026-02-06T01:30:00.000000Z,public reference: Polymarket international Gamma startTime + CLOB prices-history (fidelity 1m),,,in-play entry: no pre-start close to compare
P-e80e89dfec,2026-02-06T02:53:00.063601Z,2026-02-06T04:22:46.587300Z,aec-cbb-mphs-uab-2026-02-05,cbb-mphs-uab-2026-02-05,single,cbb,Memphis vs. UAB 2026-02-05,YES,Tigers,LIMIT/DAY,3,3,115,0,0.7274347826086956521739130435,83.739,0.084,,1,settled,31.261,0.3733147040208266160331506228,in-play,2026-02-06T02:00:00.000000Z,public reference: Polymarket international Gamma startTime + CLOB prices-history (fidelity 1m),,,in-play entry: no pre-start close to compare
P-7ab0483ce6,2026-02-06T02:53:24.359100Z,2026-02-06T04:05:08.479357Z,aec-cbb-uscb-ucdv-2026-02-05,cbb-uscb-ucdv-2026-02-05,single,cbb,UC Santa Barbara vs. UC Davis 2026-02-05,NO,Aggies,LIMIT/DAY,2,2,86,0,0.6906046511627906976744186047,59.452,0.06,,1,settled,26.548,0.4465451120231447217923703155,in-play,2026-02-06T02:00:00.000000Z,public reference: Polymarket international Gamma startTime + CLOB prices-history (fidelity 1m),,,in-play entry: no pre-start close to compare
P-ecbd376bba,2026-02-06T02:53:38.252921Z,2026-02-06T04:33:43.318168Z,aec-cbb-jaxst-wkent-2026-02-05,cbb-jaxst-wkent-2026-02-05,single,cbb,Jacksonville State vs. Western Kentucky 2026-02-05,YES,Gamecocks,LIMIT/DAY,2,2,73,0,0.4712191780821917808219178082,34.434,0.035,,1,settled,38.566,1.119997676714874833013881629,in-play,2026-02-06T02:00:00.000000Z,public reference: Polymarket international Gamma startTime + CLOB prices-history (fidelity 1m),,,in-play entry: no pre-start close to compare
P-37d88a5c16,2026-02-06T04:32:42.042960Z,2026-02-06T05:06:33.888813Z,aec-cbb-tarl-cabap-2026-02-05,cbb-tarl-cabap-2026-02-05,single,cbb,Tarleton State vs. California Baptist 2026-02-05,YES,Texans,LIMIT/DAY,1,1,72,0,0.206,14.847,0.015,,0,settled,-14.847,-1,in-play,2026-02-06T03:00:00.000000Z,public reference: Polymarket international Gamma startTime + CLOB prices-history (fidelity 1m),,,in-play entry: no pre-start close to compare
P-22760a5f8e,2026-02-06T04:32:58.049748Z,2026-02-06T05:11:35.148875Z,aec-cbb-ucrvs-csufl-2026-02-05,cbb-ucrvs-csufl-2026-02-05,single,cbb,UC Riverside vs. Cal State Fullerton 2026-02-05,YES,Highlanders,LIMIT/DAY,1,1,46,0,0.541,24.911,0.025,,0,settled,-24.911,-1,in-play,2026-02-06T03:00:00.000000Z,public reference: Polymarket international Gamma startTime + CLOB prices-history (fidelity 1m),,,in-play entry: no pre-start close to compare
P-ec68633be6,2026-02-06T04:33:22.790178Z,2026-02-06T05:08:23.158059Z,aec-cbb-lbst-ucsd-2026-02-05,cbb-lbst-ucsd-2026-02-05,single,cbb,Long Beach State vs. California-San Diego 2026-02-05,YES,Beach,LIMIT/DAY,1,1,83,0,0.3,24.925,0.025,,0,settled,-24.925,-1,in-play,2026-02-06T03:00:00.000000Z,public reference: Polymarket international Gamma startTime + CLOB prices-history (fidelity 1m),,,in-play entry: no pre-start close to compare
P-81702427d3,2026-02-06T04:34:09.752875Z,2026-02-06T05:24:43.734910Z,aec-nba-gs-pho-2026-02-05,nba-gs-pho-2026-02-05,single,nba,Golden State vs. Phoenix 2026-02-05,YES,Warriors,LIMIT/DAY,1,1,57,0,0.438,24.991,0.025,,1,settled,32.009,1.280821095594413989036052979,unknown,,,,,event not in public reference
P-371c4ef3ce,2026-02-06T04:34:22.623152Z,2026-02-06T05:47:02.244317Z,aec-nba-phi-lal-2026-02-05,nba-phi-lal-2026-02-05,single,nba,Philadelphia vs. Los Angeles L 2026-02-05,YES,76ers,LIMIT/DAY,1,1,30,0,0.831,24.955,0.025,,0,settled,-24.955,-1,in-play,2026-02-06T03:00:00.000000Z,public reference: Polymarket international Gamma startTime + CLOB prices-history (fidelity 1m),,,in-play entry: no pre-start close to compare
P-4e01ced418,2026-02-06T23:41:50.247926Z,2026-02-07T04:01:23.586855Z,aec-cbb-belm-illchi-2026-02-06,cbb-belm-illchi-2026-02-06,single,cbb,Belmont vs. UIC 2026-02-06,YES,Bruins,LIMIT/DAY,2,1,44,0,0.562,24.752,0.024,,1,settled,19.248,0.7776341305753070458952811894,pregame,2026-02-07T02:00:00.000000Z,public reference: Polymarket international Gamma startTime + CLOB prices-history (fidelity 1m),0.55,-0.012,cross-venue proxy (Polymarket intl last print before start)
P-91aede7996,2026-02-06T23:42:17.750950Z,2026-02-07T02:18:11.307180Z,aec-cbb-day-vcu-2026-02-06,cbb-day-vcu-2026-02-06,single,cbb,Dayton vs. VCU 2026-02-06,YES,Flyers,LIMIT/DAY,2,1,41,0,0.2402926829268292682926829268,9.862,0.01,,0,settled,-9.862,-1,pregame,2026-02-07T00:00:00.000000Z,public reference: Polymarket international Gamma startTime + CLOB prices-history (fidelity 1m),0.235,-0.0052926829268292682926829268,cross-venue proxy (Polymarket intl last print before start)
P-116a15592a,2026-02-06T23:43:08.166125Z,2026-02-07T02:57:56.029907Z,aec-cbb-drake-illst-2026-02-06,cbb-drake-illst-2026-02-06,single,cbb,Drake vs. Illinois State 2026-02-06,YES,Bulldogs,LIMIT/DAY,1,1,73,0,0.204,14.907,0.015,,0,settled,-14.907,-1,pregame,2026-02-07T01:00:00.000000Z,public reference: Polymarket international Gamma startTime + CLOB prices-history (fidelity 1m),0.17,-0.034,cross-venue proxy (Polymarket intl last print before start)
P-6f49012400,2026-02-06T23:43:23.209170Z,2026-02-07T02:54:56.178376Z,aec-cbb-bradly-niowa-2026-02-06,cbb-bradly-niowa-2026-02-06,single,cbb,Bradley vs. Northern Iowa 2026-02-06,YES,Braves,LIMIT/DAY,3,2,74,0,0.4635135135135135135135135135,34.335,0.035,,0,settled,-34.335,-1,mixed,2026-02-07T01:00:00.000000Z,public reference: Polymarket international Gamma startTime + CLOB prices-history (fidelity 1m),,,mixed entry: no pre-start close to compare
P-d9275b18c5,2026-02-06T23:43:35.881173Z,2026-02-07T03:07:17.640234Z,aec-cbb-murst-sill-2026-02-06,cbb-murst-sill-2026-02-06,single,cbb,Murray State vs. Southern Illinois 2026-02-06,YES,Racers,LIMIT/DAY,2,2,108,0,0.6868888888888888888888888889,74.258,0.074,,1,settled,33.742,0.4543887527269789113630854588,mixed,2026-02-07T01:00:00.000000Z,public reference: Polymarket international Gamma startTime + CLOB prices-history (fidelity 1m),,,mixed entry: no pre-start close to compare
P-faff02fffe,2026-02-06T23:43:54.884017Z,2026-02-07T03:20:58.463220Z,aec-cbb-uconn-stjohn-2026-02-06,cbb-uconn-stjohn-2026-02-06,single,cbb,Connecticut vs. St. John's 2026-02-06,YES,Huskies,LIMIT/DAY,3,2,90,0,0.551,49.64,0.05,,0,settled,-49.64,-1,mixed,2026-02-07T01:00:00.000000Z,public reference: Polymarket international Gamma startTime + CLOB prices-history (fidelity 1m),,,mixed entry: no pre-start close to compare
P-9259b2d570,2026-02-06T23:44:22.833848Z,2026-02-07T02:02:05.856139Z,aec-cbb-evans-valp-2026-02-06,cbb-evans-valp-2026-02-06,single,cbb,Evansville vs. Valparaiso 2026-02-06,NO,Beacons,LIMIT/DAY+LIMIT/IMMEDIATE_OR_CANCEL,5,2,60,60,0.82235,49.391,0.086,0.4004,1,exited,-25.403,-0.5143244720698102893239659047,pregame,2026-02-07T01:00:00.000000Z,public reference: Polymarket international Gamma startTime + CLOB prices-history (fidelity 1m),0.815,-0.00735,cross-venue proxy (Polymarket intl last print before start)
P-5b92b9d453,2026-02-06T23:50:53.057205Z,2026-02-07T03:00:06.251851Z,aec-nba-ny-det-2026-02-06,nba-ny-det-2026-02-06,single,nba,New York vs. Detroit 2026-02-06,YES,Knicks,LIMIT/DAY,2,1,71,0,0.3499436619718309859154929577,24.871,0.025,,0,settled,-24.871,-1,unknown,,,,,event not in public reference
P-41868b64ab,2026-02-06T23:51:27.413748Z,2026-02-07T03:05:34.674776Z,aec-nba-mia-bos-2026-02-06,nba-mia-bos-2026-02-06,single,nba,Miami vs. Boston 2026-02-06,NO,Celtics,LIMIT/DAY,1,1,37,0,0.675,25,0.025,,1,settled,12,0.48,pregame,2026-02-07T00:30:00.000000Z,public reference: Polymarket international Gamma startTime + CLOB prices-history (fidelity 1m),0.675,0,cross-venue proxy (Polymarket intl last print before start)
P-0ac713f2e6,2026-02-06T23:51:43.166774Z,2026-02-07T03:21:58.468373Z,aec-nba-ind-mil-2026-02-06,nba-ind-mil-2026-02-06,single,nba,Indiana vs. Milwaukee 2026-02-06,NO,Bucks,LIMIT/DAY,1,1,52,0,0.479,24.933,0.025,,1,settled,27.067,1.085589379537159587695022661,pregame,2026-02-07T01:00:00.000000Z,public reference: Polymarket international Gamma startTime + CLOB prices-history (fidelity 1m),0.465,-0.014,cross-venue proxy (Polymarket intl last print before start)
P-28143e3d1d,2026-02-06T23:51:51.205211Z,2026-02-07T03:25:29.712455Z,aec-nba-no-min-2026-02-06,nba-no-min-2026-02-06,single,nba,New Orleans vs. Minnesota 2026-02-06,NO,Timberwolves,LIMIT/DAY,1,1,33,0,0.755,24.94,0.025,,0,settled,-24.94,-1,unknown,,,,,event not in public reference
P-e798dcc179,2026-02-06T23:52:03.286023Z,2026-02-07T05:18:00.500299Z,aec-nba-mem-por-2026-02-06,nba-mem-por-2026-02-06,single,nba,Memphis vs. Portland 2026-02-06,YES,Grizzlies,LIMIT/DAY,3,1,96,0,0.2594166666666666666666666667,24.93,0.026,,0,settled,-24.93,-1,pregame,2026-02-07T03:00:00.000000Z,public reference: Polymarket international Gamma startTime + CLOB prices-history (fidelity 1m),0.285,0.0255833333333333333333333333,cross-venue proxy (Polymarket intl last print before start)
P-8c9c2ef181,2026-02-06T23:52:23.208286Z,2026-02-07T05:40:03.013296Z,aec-nba-lac-sac-2026-02-06,nba-lac-sac-2026-02-06,single,nba,Los Angeles C vs. Sacramento 2026-02-06,YES,Clippers,LIMIT/DAY,2,1,40,0,0.620925,24.862,0.025,,1,settled,15.138,0.6088810232483307859383798568,pregame,2026-02-07T03:00:00.000000Z,public reference: Polymarket international Gamma startTime + CLOB prices-history (fidelity 1m),0.595,-0.025925,cross-venue proxy (Polymarket intl last print before start)
P-c7c7eec061,2026-02-07T02:02:20.649967Z,2026-02-07T03:03:36.034737Z,aec-cbb-evans-valp-2026-02-06,cbb-evans-valp-2026-02-06,single,cbb,Evansville vs. Valparaiso 2026-02-06,YES,Aces,LIMIT/DAY,4,2,124,0,0.5988709677419354838709677419,74.334,0.074,,0,settled,-74.334,-1,in-play,2026-02-07T01:00:00.000000Z,public reference: Polymarket international Gamma startTime + CLOB prices-history (fidelity 1m),,,in-play entry: no pre-start close to compare
P-03f3bd6d81,2026-02-07T22:26:15.879296Z,2026-02-07T23:10:03.100932Z,aec-cbb-toledo-jmad-2026-02-07,cbb-toledo-jmad-2026-02-07,single,cbb,Toledo vs. James Madison 2026-02-07,NO,Dukes,LIMIT/DAY,2,1,32,0,0.7696875,24.655,0.025,,1,settled,7.345,0.2979111742040154126951936727,in-play,2026-02-07T21:00:00.000000Z,public reference: Polymarket international Gamma startTime + CLOB prices-history (fidelity 1m),,,in-play entry: no pre-start close to compare
P-e9bb8313af,2026-02-07T22:27:16.226168Z,2026-02-07T23:01:01.982541Z,aec-cbb-cmich-loulaf-2026-02-07,cbb-cmich-loulaf-2026-02-07,single,cbb,Central Michigan vs. Louisiana-Lafayette 2026-02-07,YES,Chippewas,LIMIT/DAY,1,1,84,0,0.296,24.889,0.025,,0,settled,-24.889,-1,in-play,2026-02-07T21:00:00.000000Z,public reference: Polymarket international Gamma startTime + CLOB prices-history (fidelity 1m),,,in-play entry: no pre-start close to compare
P-1b21015513,2026-02-07T22:29:00.192245Z,2026-02-07T22:50:36.167366Z,aec-cbb-ucrvs-csunr-2026-02-07,cbb-ucrvs-csunr-2026-02-07,single,cbb,UC Riverside vs. CSUN 2026-02-07,NO,Matadors,LIMIT/DAY,1,1,256,0,0.975,249.85,0.25,,1,settled,6.15,0.02461476886131679007404442666,in-play,2026-02-07T21:00:00.000000Z,public reference: Polymarket international Gamma startTime + CLOB prices-history (fidelity 1m),,,in-play entry: no pre-start close to compare
P-007a0373d3,2026-02-07T22:29:28.694798Z,2026-02-07T22:50:15.902041Z,aec-cbb-stnh-liub-2026-02-07,cbb-stnh-liub-2026-02-07,single,cbb,Stonehill vs. LIU 2026-02-07,YES,Skyhawks,LIMIT/DAY,2,1,15,0,0.3172,4.763,0.005,,0,settled,-4.763,-1,in-play,2026-02-07T21:00:00.000000Z,public reference: Polymarket international Gamma startTime + CLOB prices-history (fidelity 1m),,,in-play entry: no pre-start close to compare
P-7083742cd4,2026-02-07T22:29:55.050479Z,2026-02-07T22:59:27.716563Z,aec-cbb-miaoh-marsh-2026-02-07,cbb-miaoh-marsh-2026-02-07,single,cbb,Miami (OH) vs. Marshall 2026-02-07,YES,RedHawks,LIMIT/DAY,1,1,162,0,0.925,150,0.15,,1,settled,12,0.08,in-play,2026-02-07T21:00:00.000000Z,public reference: Polymarket international Gamma startTime + CLOB prices-history (fidelity 1m),,,in-play entry: no pre-start close to compare
P-701ea93906,2026-02-07T22:30:41.652117Z,2026-02-07T23:29:22.456763Z,aec-cbb-flst-nd-2026-02-07,cbb-flst-nd-2026-02-07,single,cbb,Florida State vs. Notre Dame 2026-02-07,YES,Seminoles,LIMIT/DAY,2,1,40,0,0.6189,24.78,0.024,,1,settled,15.22,0.6142050040355125100887812752,in-play,2026-02-07T21:00:00.000000Z,public reference: Polymarket international Gamma startTime + CLOB prices-history (fidelity 1m),,,in-play entry: no pre-start close to compare
P-a0cc13553a,2026-02-07T22:31:25.990517Z,2026-02-08T00:48:58.516985Z,aec-cbb-ncc-norfst-2026-02-07,cbb-ncc-norfst-2026-02-07,single,cbb,North Carolina Central vs. Norfolk State 2026-02-07,YES,Eagles,LIMIT/DAY,2,1,17,0,0.2832352941176470588235294118,4.82,0.005,,0,settled,-4.82,-1,in-play,2026-02-07T21:30:00.000000Z,public reference: Polymarket international Gamma startTime + CLOB prices-history (fidelity 1m),,,in-play entry: no pre-start close to compare
P-214ad15f04,2026-02-07T22:32:05.246222Z,2026-02-08T00:01:19.421118Z,aec-cbb-gcan-unlv-2026-02-07,cbb-gcan-unlv-2026-02-07,single,cbb,Grand Canyon vs. UNLV 2026-02-07,NO,Runnin' Rebels,LIMIT/DAY,1,1,82,0,0.774,63.531,0.063,,1,settled,18.469,0.2907084730289150178652941084,in-play,2026-02-07T21:30:00.000000Z,public reference: Polymarket international Gamma startTime + CLOB prices-history (fidelity 1m),,,in-play entry: no pre-start close to compare
P-836b4eadcc,2026-02-08T03:00:45.300962Z,2026-02-08T03:30:24.889868Z,aec-nba-den-chi-2026-02-07,nba-den-chi-2026-02-07,single,nba,Denver vs. Chicago 2026-02-07,YES,Nuggets,LIMIT/DAY,3,1,30,0,0.8270333333333333333333333333,24.836,0.025,,1,settled,5.164,0.2079239813174424222902238686,in-play,2026-02-08T01:00:00.000000Z,public reference: Polymarket international Gamma startTime + CLOB prices-history (fidelity 1m),,,in-play entry: no pre-start close to compare
P-8750958567,2026-02-08T03:00:56.937570Z,2026-02-08T04:04:39.004087Z,aec-nba-gs-lal-2026-02-07,nba-gs-lal-2026-02-07,single,nba,Golden State vs. Los Angeles L 2026-02-07,NO,Lakers,LIMIT/DAY,2,1,35,0,0.7002857142857142857142857143,24.535,0.025,,1,settled,10.465,0.4265335235378031383737517832,unknown,,,,,event not in public reference
P-c85007f2b4,2026-02-08T03:01:05.921905Z,2026-02-08T04:40:26.593068Z,aec-nba-phi-pho-2026-02-07,nba-phi-pho-2026-02-07,single,nba,Philadelphia vs. Phoenix 2026-02-07,YES,76ers,LIMIT/DAY,1,1,33,0,0.744,24.577,0.025,,1,settled,8.423,0.3427188021320747039915368027,unknown,,,,,event not in public reference
P-77aa9d17cf,2026-02-08T03:01:34.934100Z,2026-02-08T03:18:37.581183Z,aec-cbb-tarl-sutah-2026-02-07,cbb-tarl-sutah-2026-02-07,single,cbb,Tarleton State vs. Southern Utah 2026-02-07,YES,Texans,LIMIT/DAY,2,1,57,0,0.8728596491228070175438596491,49.802,0.049,,1,settled,7.198,0.144532348098469940966226256,in-play,2026-02-08T01:30:00.000000Z,public reference: Polymarket international Gamma startTime + CLOB prices-history (fidelity 1m),,,in-play entry: no pre-start close to compare
P-b8aa833f70,2026-02-08T03:01:56.292080Z,2026-02-08T04:02:34.597723Z,aec-cbb-tenn-uk-2026-02-07,cbb-tenn-uk-2026-02-07,single,cbb,Tennessee vs. Kentucky 2026-02-07,YES,Volunteers,LIMIT/DAY,1,1,230,0,0.867,199.609,0.199,,0,settled,-199.609,-1,in-play,2026-02-08T01:30:00.000000Z,public reference: Polymarket international Gamma startTime + CLOB prices-history (fidelity 1m),,,in-play entry: no pre-start close to compare
P-f8df354d24,2026-02-08T20:40:18.627723Z,2026-02-13T10:59:17.234720Z,aec-nfl-sea-ne-2026-02-08,nfl-sea-ne-2026-02-08,single,nfl,Seattle vs. New England,YES,Seahawks,LIMIT/DAY,1,1,298,0,0.669,199.561,0.199,,1,settled,98.439,0.4932777446495056649345312962,pregame,2026-02-08T23:30:00.000000Z,public reference: Polymarket international Gamma startTime + CLOB prices-history (fidelity 1m),0.675,0.006,cross-venue proxy (Polymarket intl last print before start)
P-f21c80ded1,2026-02-10T01:35:41.826273Z,2026-02-10T01:56:06.842219Z,aec-cbb-xav-stjohn-2026-02-09,cbb-xav-stjohn-2026-02-09,single,cbb,Xavier vs. St. John's 2026-02-09,NO,Red Storm,LIMIT/DAY,1,1,57,0,0.864,49.297,0.049,,1,settled,7.703,0.1562569730409558390977138568,in-play,2026-02-09T23:30:00.000000Z,public reference: Polymarket international Gamma startTime + CLOB prices-history (fidelity 1m),,,in-play entry: no pre-start close to compare
P-2305166b3c,2026-02-10T01:35:52.038071Z,2026-02-10T02:40:40.993336Z,aec-cbb-txs-bcook-2026-02-09,cbb-txs-bcook-2026-02-09,single,cbb,Texas Southern vs. Bethune-Cookman 2026-02-09,YES,Tigers,LIMIT/DAY,2,1,56,0,0.887375,49.742,0.049,,0,settled,-49.742,-1,in-play,2026-02-10T00:00:00.000000Z,public reference: Polymarket international Gamma startTime + CLOB prices-history (fidelity 1m),,,in-play entry: no pre-start close to compare
P-1cad499e19,2026-02-10T01:36:04.241735Z,2026-02-10T02:25:06.134652Z,aec-cbb-yale-howrd-2026-02-09,cbb-yale-howrd-2026-02-09,single,cbb,Yale vs. Howard 2026-02-09,NO,Bison,LIMIT/DAY,2,1,24,0,0.4024166666666666666666666667,9.668,0.01,,0,settled,-9.668,-1,in-play,2026-02-10T00:00:00.000000Z,public reference: Polymarket international Gamma startTime + CLOB prices-history (fidelity 1m),,,in-play entry: no pre-start close to compare
P-7cf8015b89,2026-02-10T01:36:15.314011Z,2026-02-10T02:02:46.092100Z,aec-cbb-nwst-lamar-2026-02-09,cbb-nwst-lamar-2026-02-09,single,cbb,Northwestern State vs. Lamar 2026-02-09,YES,Demons,LIMIT/DAY,1,1,41,0,0.602,24.707,0.025,,1,settled,16.293,0.6594487392237017849192536528,in-play,2026-02-10T00:00:00.000000Z,public reference: Polymarket international Gamma startTime + CLOB prices-history (fidelity 1m),,,in-play entry: no pre-start close to compare
P-be888123ef,2026-02-10T01:36:32.990785Z,2026-02-10T02:36:55.827830Z,aec-cbb-valp-drake-2026-02-09,cbb-valp-drake-2026-02-09,single,cbb,Valparaiso vs. Drake 2026-02-09,NO,Bulldogs,LIMIT/DAY,2,1,33,0,0.7475757575757575757575757576,24.694,0.024,,0,settled,-24.694,-1,in-play,2026-02-10T00:30:00.000000Z,public reference: Polymarket international Gamma startTime + CLOB prices-history (fidelity 1m),,,in-play entry: no pre-start close to compare
P-9ba1fae3e7,2026-02-10T01:37:08.601771Z,2026-02-10T02:30:10.649440Z,aec-cbb-txamc-sfaus-2026-02-09,cbb-txamc-sfaus-2026-02-09,single,cbb,East Texas A&M vs. Stephen F. Austin 2026-02-09,YES,Lions,LIMIT/DAY,1,1,33,0,0.297,9.811,0.01,,0,settled,-9.811,-1,in-play,2026-02-10T00:30:00.000000Z,public reference: Polymarket international Gamma startTime + CLOB prices-history (fidelity 1m),,,in-play entry: no pre-start close to compare
P-b38b7bd8be,2026-02-10T01:37:30.661590Z,2026-02-10T02:55:50.693599Z,aec-cbb-illst-evans-2026-02-09,cbb-illst-evans-2026-02-09,single,cbb,Illinois State vs. Evansville 2026-02-09,NO,Aces,LIMIT/DAY,2,1,40,0,0.6149,24.621,0.025,,1,settled,15.379,0.624629381422363023435278827,in-play,2026-02-10T01:00:00.000000Z,public reference: Polymarket international Gamma startTime + CLOB prices-history (fidelity 1m),,,in-play entry: no pre-start close to compare
P-5e31f7048a,2026-02-10T01:37:50.734288Z,2026-02-10T03:18:55.518291Z,aec-cbb-delst-ncc-2026-02-09,cbb-delst-ncc-2026-02-09,single,cbb,Delaware State vs. North Carolina Central 2026-02-09,YES,Hornets,LIMIT/DAY,1,1,62,0,0.399,24.763,0.025,,0,settled,-24.763,-1,in-play,2026-02-10T01:00:00.000000Z,public reference: Polymarket international Gamma startTime + CLOB prices-history (fidelity 1m),,,in-play entry: no pre-start close to compare
P-ae214b7029,2026-02-11T00:51:23.675682Z,2026-02-11T01:40:22.873793Z,aec-cbb-wbd-iupui-2026-02-10,cbb-wbd-iupui-2026-02-10,single,cbb,Milwaukee vs. IU Indy 2026-02-10,NO,Jaguars,LIMIT/DAY,3,1,69,0,0.3606086956521739130434782609,24.907,0.025,,0,settled,-24.907,-1,in-play,2026-02-10T23:30:00.000000Z,public reference: Polymarket international Gamma startTime + CLOB prices-history (fidelity 1m),,,in-play entry: no pre-start close to compare
P-8c6920b211,2026-02-11T00:51:50.772130Z,2026-02-11T02:15:27.790854Z,aec-cbb-vand-aubrn-2026-02-10,cbb-vand-aubrn-2026-02-10,single,cbb,Vanderbilt vs. Auburn 2026-02-10,YES,Commodores,LIMIT/DAY,1,1,13,0,0.746,9.708,0.01,,1,settled,3.292,0.3391017717346518335393489905,in-play,2026-02-11T00:00:00.000000Z,public reference: Polymarket international Gamma startTime + CLOB prices-history (fidelity 1m),,,in-play entry: no pre-start close to compare
P-83720b3f67,2026-02-11T00:52:20.729772Z,2026-02-11T02:13:07.919512Z,aec-cbb-vir-flst-2026-02-10,cbb-vir-flst-2026-02-10,single,cbb,Virginia vs. Florida State 2026-02-10,NO,Seminoles,LIMIT/DAY,2,1,24,0,0.409,9.826,0.01,,0,settled,-9.826,-1,in-play,2026-02-11T00:00:00.000000Z,public reference: Polymarket international Gamma startTime + CLOB prices-history (fidelity 1m),,,in-play entry: no pre-start close to compare
P-b3cde5aab2,2026-02-11T00:52:29.544776Z,2026-02-11T02:23:44.522738Z,aec-cbb-pur-nebr-2026-02-10,cbb-pur-nebr-2026-02-10,single,cbb,Purdue vs. Nebraska 2026-02-10,YES,Boilermakers,LIMIT/DAY,1,1,56,0,0.885,49.61,0.05,,1,settled,6.39,0.1288046764765168312840153195,in-play,2026-02-11T00:00:00.000000Z,public reference: Polymarket international Gamma startTime + CLOB prices-history (fidelity 1m),,,in-play entry: no pre-start close to compare
P-d02ef73981,2026-02-11T00:52:40.888188Z,2026-02-11T02:06:22.223599Z,aec-cbb-ncar-mia-2026-02-10,cbb-ncar-mia-2026-02-10,single,cbb,North Carolina vs. Miami 2026-02-10,NO,Hurricanes,LIMIT/DAY,2,1,18,0,0.5452222222222222222222222222,9.824,0.01,,1,settled,8.176,0.832247557003257328990228013,in-play,2026-02-11T00:00:00.000000Z,public reference: Polymarket international Gamma startTime + CLOB prices-history (fidelity 1m),,,in-play entry: no pre-start close to compare
P-daf342b520,2026-02-11T00:52:59.213631Z,2026-02-11T02:10:26.062264Z,aec-cbb-nd-smu-2026-02-10,cbb-nd-smu-2026-02-10,single,cbb,Notre Dame vs. SMU 2026-02-10,YES,Fighting Irish,LIMIT/DAY,1,1,8,0,0.116,0.929,0.001,,0,settled,-0.929,-1,in-play,2026-02-11T00:00:00.000000Z,public reference: Polymarket international Gamma startTime + CLOB prices-history (fidelity 1m),,,in-play entry: no pre-start close to compare
P-8a2556224f,2026-02-11T00:53:12.117526Z,2026-02-11T02:06:26.177671Z,aec-cbb-gmsn-rich-2026-02-10,cbb-gmsn-rich-2026-02-10,single,cbb,George Mason vs. Richmond 2026-02-10,NO,Spiders,LIMIT/DAY,2,1,53,0,0.9382075471698113207547169811,49.775,0.05,,1,settled,3.225,0.06479156202913108990457056755,in-play,2026-02-11T00:00:00.000000Z,public reference: Polymarket international Gamma startTime + CLOB prices-history (fidelity 1m),,,in-play entry: no pre-start close to compare
P-6e994ee269,2026-02-11T00:53:45.275444Z,2026-02-11T02:44:46.489926Z,aec-cbb-marq-vill-2026-02-10,cbb-marq-vill-2026-02-10,single,cbb,Marquette vs. Villanova 2026-02-10,YES,Golden Eagles,LIMIT/DAY,1,1,11,0,0.087,0.958,0.001,,0,settled,-0.958,-1,in-play,2026-02-11T00:30:00.000000Z,public reference: Polymarket international Gamma startTime + CLOB prices-history (fidelity 1m),,,in-play entry: no pre-start close to compare
P-65bff859f0,2026-02-11T22:38:07.238953Z,2026-02-12T01:01:16.283205Z,aec-cbb-bostu-army-2026-02-11,cbb-bostu-army-2026-02-11,single,cbb,Boston vs. Army 2026-02-11,YES,Terriers,LIMIT/DAY,2,1,17,0,0.5857058823529411764705882353,9.967,0.01,,1,settled,7.033,0.7056285742951740744456707134,pregame,2026-02-11T23:00:00.000000Z,public reference: Polymarket international Gamma startTime + CLOB prices-history (fidelity 1m),0.595,0.0092941176470588235294117647,cross-venue proxy (Polymarket intl last print before start)
P-885278c2dc,2026-02-11T22:38:13.033051Z,2026-02-12T01:13:21.815368Z,aec-cbb-colg-holy-2026-02-11,cbb-colg-holy-2026-02-11,single,cbb,Colgate vs. Holy Cross 2026-02-11,YES,Raiders,LIMIT/DAY,1,1,12,0,0.78,9.369,0.009,,1,settled,2.631,0.2808197246237592058917707333,pregame,2026-02-11T23:00:00.000000Z,public reference: Polymarket international Gamma startTime + CLOB prices-history (fidelity 1m),0.78,0,cross-venue proxy (Polymarket intl last print before start)
P-b0fa6e20e7,2026-02-11T22:38:18.920082Z,2026-02-12T01:26:06.760642Z,aec-cbb-iowa-mary-2026-02-11,cbb-iowa-mary-2026-02-11,single,cbb,Iowa vs. Maryland 2026-02-11,YES,Hawkeyes,LIMIT/DAY,1,1,11,0,0.842,9.271,0.009,,0,settled,-9.271,-1,pregame,2026-02-11T23:00:00.000000Z,public reference: Polymarket international Gamma startTime + CLOB prices-history (fidelity 1m),0.835,-0.007,cross-venue proxy (Polymarket intl last print before start)
P-f3314ef7a6,2026-02-11T22:38:25.819723Z,2026-02-12T00:59:35.922862Z,aec-cbb-cita-wcar-2026-02-11,cbb-cita-wcar-2026-02-11,single,cbb,The Citadel vs. Western Carolina 2026-02-11,NO,Catamounts,LIMIT/DAY,1,1,12,0,0.796,9.562,0.01,,1,settled,2.438,0.2549675800041832252666806108,pregame,2026-02-11T23:00:00.000000Z,public reference: Polymarket international Gamma startTime + CLOB prices-history (fidelity 1m),0.785,-0.011,cross-venue proxy (Polymarket intl last print before start)
P-73a3e78017,2026-02-11T22:38:35.288619Z,2026-02-12T01:57:16.666996Z,aec-cbb-usc-ohiost-2026-02-11,cbb-usc-ohiost-2026-02-11,single,cbb,USC vs. Ohio State 2026-02-11,NO,Buckeyes,LIMIT/DAY,1,1,13,0,0.756,9.838,0.01,,1,settled,3.162,0.3214067899979670664769262045,pregame,2026-02-11T23:30:00.000000Z,public reference: Polymarket international Gamma startTime + CLOB prices-history (fidelity 1m),0.765,0.009,cross-venue proxy (Polymarket intl last print before start)
P-6dccbe9c08,2026-02-12T01:29:32.524783Z,2026-02-12T02:02:11.098843Z,aec-cbb-vtech-clmsn-2026-02-11,cbb-vtech-clmsn-2026-02-11,single,cbb,Virginia Tech vs. Clemson 2026-02-11,YES,Hokies,LIMIT/DAY,1,1,17,0,0.575,9.785,0.01,,1,settled,7.215,0.7373530914665304036791006643,in-play,2026-02-12T00:00:00.000000Z,public reference: Polymarket international Gamma startTime + CLOB prices-history (fidelity 1m),,,in-play entry: no pre-start close to compare
P-23f930194f,2026-02-12T01:29:56.474973Z,2026-02-12T02:14:01.060935Z,aec-cbb-chat-etnst-2026-02-11,cbb-chat-etnst-2026-02-11,single,cbb,Chattanooga vs. East Tennessee State 2026-02-11,NO,Buccaneers,LIMIT/DAY,1,1,11,0,0.851,9.37,0.009,,1,settled,1.63,0.1739594450373532550693703308,in-play,2026-02-12T00:00:00.000000Z,public reference: Polymarket international Gamma startTime + CLOB prices-history (fidelity 1m),,,in-play entry: no pre-start close to compare
P-19e6101128,2026-02-12T01:30:20.451383Z,2026-02-12T01:58:05.636696Z,aec-cbb-utep-jaxst-2026-02-11,cbb-utep-jaxst-2026-02-11,single,cbb,UTEP vs. Jacksonville State 2026-02-11,YES,Miners,LIMIT/DAY,1,1,15,0,0.657,9.865,0.01,,1,settled,5.135,0.5205271160669031931069437405,in-play,2026-02-12T00:00:00.000000Z,public reference: Polymarket international Gamma startTime + CLOB prices-history (fidelity 1m),,,in-play entry: no pre-start close to compare
P-ff7eba523b,2026-02-12T01:30:31.088955Z,2026-02-12T02:06:41.351027Z,aec-cbb-buf-ballst-2026-02-11,cbb-buf-ballst-2026-02-11,single,cbb,Buffalo vs. Ball State 2026-02-11,YES,Bulls,LIMIT/DAY,1,1,12,0,0.803,9.646,0.01,,1,settled,2.354,0.2440389798880364918100767157,in-play,2026-02-12T00:00:00.000000Z,public reference: Polymarket international Gamma startTime + CLOB prices-history (fidelity 1m),,,in-play entry: no pre-start close to compare
P-bc289867c8,2026-02-12T01:30:39.775943Z,2026-02-12T02:08:36.035978Z,aec-cbb-emich-kentst-2026-02-11,cbb-emich-kentst-2026-02-11,single,cbb,Eastern Michigan vs. Kent State 2026-02-11,YES,Eagles,LIMIT/DAY,2,1,15,0,0.6260666666666666666666666667,9.401,0.01,,0,settled,-9.401,-1,in-play,2026-02-12T00:00:00.000000Z,public reference: Polymarket international Gamma startTime + CLOB prices-history (fidelity 1m),,,in-play entry: no pre-start close to compare
P-ad512c33e6,2026-02-12T01:30:54.448166Z,2026-02-12T02:17:26.282869Z,aec-cbb-ausp-queen-2026-02-11,cbb-ausp-queen-2026-02-11,single,cbb,Austin Peay vs. Queens (NC) 2026-02-11,YES,Governors,LIMIT/DAY,2,1,15,0,0.6594,9.901,0.01,,1,settled,5.099,0.514998485001514998485001515,in-play,2026-02-12T00:00:00.000000Z,public reference: Polymarket international Gamma startTime + CLOB prices-history (fidelity 1m),,,in-play entry: no pre-start close to compare
P-4db39ebb6d,2026-02-12T01:31:12.367283Z,2026-02-12T02:19:15.929219Z,aec-cbb-jax-stetsn-2026-02-11,cbb-jax-stetsn-2026-02-11,single,cbb,Jacksonville vs. Stetson 2026-02-11,NO,Hatters,LIMIT/DAY,2,1,15,0,0.642,9.64,0.01,,1,settled,5.36,0.5560165975103734439834024896,in-play,2026-02-12T00:00:00.000000Z,public reference: Polymarket international Gamma startTime + CLOB prices-history (fidelity 1m),,,in-play entry: no pre-start close to compare
P-a663d511fa,2026-02-12T01:31:36.195884Z,2026-02-12T02:15:35.932299Z,aec-cbb-furman-merc-2026-02-11,cbb-furman-merc-2026-02-11,single,cbb,Furman vs. Mercer 2026-02-11,YES,Paladins,LIMIT/DAY,1,1,20,0,0.492,9.85,0.01,,0,settled,-9.85,-1,in-play,2026-02-12T00:00:00.000000Z,public reference: Polymarket international Gamma startTime + CLOB prices-history (fidelity 1m),,,in-play entry: no pre-start close to compare
P-2bb48d391b,2026-02-12T01:32:20.613682Z,2026-02-12T02:53:16.460848Z,aec-cbb-marsh-old-2026-02-11,cbb-marsh-old-2026-02-11,single,cbb,Marshall vs. Old Dominion 2026-02-11,NO,Monarchs,LIMIT/DAY,1,1,11,0,0.834,9.183,0.009,,0,settled,-9.183,-1,in-play,2026-02-12T00:30:00.000000Z,public reference: Polymarket international Gamma startTime + CLOB prices-history (fidelity 1m),,,in-play entry: no pre-start close to compare
P-e6596372c6,2026-02-12T01:32:37.534543Z,2026-02-12T02:36:00.956324Z,aec-cbb-prov-seton-2026-02-11,cbb-prov-seton-2026-02-11,single,cbb,Providence vs. Seton Hall 2026-02-11,YES,Friars,LIMIT/DAY,2,1,19,0,0.5062631578947368421052631579,9.629,0.01,,0,settled,-9.629,-1,in-play,2026-02-12T00:30:00.000000Z,public reference: Polymarket international Gamma startTime + CLOB prices-history (fidelity 1m),,,in-play entry: no pre-start close to compare
P-434f6086fb,2026-02-13T03:41:38.127828Z,2026-02-13T04:24:01.170149Z,aec-cbb-tenst-usi-2026-02-12,cbb-tenst-usi-2026-02-12,single,cbb,Tennessee State vs. Southern Indiana 2026-02-12,NO,Screaming Eagles,LIMIT/DAY,1,1,20,0,0.481,9.63,0.01,,0,settled,-9.63,-1,in-play,2026-02-13T01:00:00.000000Z,public reference: Polymarket international Gamma startTime + CLOB prices-history (fidelity 1m),,,in-play entry: no pre-start close to compare
P-b965ca9e65,2026-02-13T03:41:52.026881Z,2026-02-13T04:08:25.825702Z,aec-cbb-niowa-belm-2026-02-12,cbb-niowa-belm-2026-02-12,single,cbb,Northern Iowa vs. Belmont 2026-02-12,NO,Bruins,LIMIT/DAY,1,1,110,0,0.907,99.87,0.1,,1,settled,10.13,0.1014318614198457995394012216,in-play,2026-02-13T02:00:00.000000Z,public reference: Polymarket international Gamma startTime + CLOB prices-history (fidelity 1m),,,in-play entry: no pre-start close to compare
P-c81b39d3df,2026-02-13T03:42:05.133170Z,2026-02-13T04:15:00.684037Z,aec-cbb-txa-abchr-2026-02-12,cbb-txa-abchr-2026-02-12,single,cbb,UT Arlington vs. Abilene Christian 2026-02-12,NO,Wildcats,LIMIT/DAY,1,1,108,0,0.918,99.243,0.099,,1,settled,8.757,0.08823796136755237145189081346,in-play,2026-02-13T02:00:00.000000Z,public reference: Polymarket international Gamma startTime + CLOB prices-history (fidelity 1m),,,in-play entry: no pre-start close to compare
P-62bc420261,2026-02-13T03:42:20.551521Z,2026-02-13T04:24:20.823761Z,aec-cbb-mphs-ntx-2026-02-12,cbb-mphs-ntx-2026-02-12,single,cbb,Memphis vs. North Texas 2026-02-12,NO,Mean Green,LIMIT/DAY,1,1,15,0,0.63,9.459,0.009,,1,settled,5.541,0.5857913098636219473517285125,in-play,2026-02-13T02:00:00.000000Z,public reference: Polymarket international Gamma startTime + CLOB prices-history (fidelity 1m),,,in-play entry: no pre-start close to compare
P-e34597f4e3,2026-02-13T03:42:51.102573Z,2026-02-13T05:04:50.880831Z,aec-cbb-ucirv-calpol-2026-02-12,cbb-ucirv-calpol-2026-02-12,single,cbb,UC Irvine vs. Cal Poly 2026-02-12,YES,Anteaters,LIMIT/DAY,1,1,56,0,0.878,49.217,0.049,,0,settled,-49.217,-1,in-play,2026-02-13T03:00:00.000000Z,public reference: Polymarket international Gamma startTime + CLOB prices-history (fidelity 1m),,,in-play entry: no pre-start close to compare
P-f668fc8812,2026-02-13T03:43:06.322199Z,2026-02-13T03:54:40.543268Z,aec-cbb-utahv-dxst-2026-02-12,cbb-utahv-dxst-2026-02-12,single,cbb,Utah Valley vs. Utah Tech 2026-02-12,NO,Trailblazers,LIMIT/DAY,1,1,138,0,0.977,134.961,0.135,,1,settled,3.039,0.02251761620023562362460266299,in-play,2026-02-13T02:00:00.000000Z,public reference: Polymarket international Gamma startTime + CLOB prices-history (fidelity 1m),,,in-play entry: no pre-start close to compare
P-b715f2262b,2026-02-13T04:34:24.331684Z,2026-02-13T05:05:26.006764Z,aec-cbb-uscb-ucrvs-2026-02-12,cbb-uscb-ucrvs-2026-02-12,single,cbb,UC Santa Barbara vs. UC Riverside 2026-02-12,NO,Highlanders,LIMIT/DAY,1,1,9,0,0.306,2.757,0.003,,0,settled,-2.757,-1,in-play,2026-02-13T03:00:00.000000Z,public reference: Polymarket international Gamma startTime + CLOB prices-history (fidelity 1m),,,in-play entry: no pre-start close to compare
P-a1cae1e715,2026-02-17T02:10:59.648425Z,2026-02-17T02:21:06.500759Z,aec-cbb-bcook-jackst-2026-02-16,cbb-bcook-jackst-2026-02-16,single,cbb,Bethune-Cookman vs. Jackson State 2026-02-16,NO,Tigers,LIMIT/DAY,1,1,11,0,0.855,9.414,0.009,,1,settled,1.586,0.1684724877841512640747822392,in-play,2026-02-17T00:00:00.000000Z,public reference: Polymarket international Gamma startTime + CLOB prices-history (fidelity 1m),,,in-play entry: no pre-start close to compare
P-3efda15c05,2026-02-18T00:03:09.276673Z,2026-02-18T01:11:21.757506Z,aec-cbb-boscol-flst-2026-02-17,cbb-boscol-flst-2026-02-17,single,cbb,Boston College vs. Florida State 2026-02-17,YES,Eagles,LIMIT/DAY,1,1,8,0,0.57,4.565,0.005,,0,settled,-4.565,-1,in-play,2026-02-17T23:00:00.000000Z,public reference: Polymarket international Gamma startTime + CLOB prices-history (fidelity 1m),,,in-play entry: no pre-start close to compare
P-e36605a7f8,2026-02-18T00:03:54.342786Z,2026-02-18T01:45:24.017227Z,aec-cbb-mich-pur-2026-02-17,cbb-mich-pur-2026-02-17,single,cbb,Michigan vs. Purdue 2026-02-17,YES,Wolverines,LIMIT/DAY,1,1,8,0,0.817,6.543,0.007,,1,settled,1.457,0.222680727495032859544551429,in-play,2026-02-17T23:30:00.000000Z,public reference: Polymarket international Gamma startTime + CLOB prices-history (fidelity 1m),,,in-play entry: no pre-start close to compare
P-286045c807,2026-02-18T05:48:35.820158Z,2026-02-18T06:22:51.835847Z,aec-cbb-txtech-arzst-2026-02-17,cbb-txtech-arzst-2026-02-17,single,cbb,Texas Tech vs. Arizona State 2026-02-17,NO,Sun Devils,LIMIT/DAY,2,1,14,0,0.5585714285714285714285714286,7.828,0.008,,1,settled,6.172,0.7884517118037812979049565662,in-play,2026-02-18T04:00:00.000000Z,public reference: Polymarket international Gamma startTime + CLOB prices-history (fidelity 1m),,,in-play entry: no pre-start close to compare
P-d809ff6df0,2026-02-19T03:51:43.024438Z,2026-02-19T04:04:16.448773Z,aec-cbb-utah-wvir-2026-02-18,cbb-utah-wvir-2026-02-18,single,cbb,Utah vs. West Virginia 2026-02-18,YES,Utes,LIMIT/DAY,1,1,5,0,0.906,4.535,0.005,,1,settled,0.465,0.1025358324145534729878721058,in-play,2026-02-19T01:30:00.000000Z,public reference: Polymarket international Gamma startTime + CLOB prices-history (fidelity 1m),,,in-play entry: no pre-start close to compare
P-966b94589e,2026-02-19T03:52:04.882148Z,2026-02-19T04:11:55.945447Z,aec-cbb-aubrn-mspst-2026-02-18,cbb-aubrn-mspst-2026-02-18,single,cbb,Auburn vs. Mississippi State 2026-02-18,YES,Tigers,LIMIT/DAY,1,1,3,0,0.578,1.736,0.002,,0,settled,-1.736,-1,in-play,2026-02-19T02:00:00.000000Z,public reference: Polymarket international Gamma startTime + CLOB prices-history (fidelity 1m),,,in-play entry: no pre-start close to compare
P-54b8b9a605,2026-02-19T03:52:19.148824Z,2026-02-19T04:17:26.301939Z,aec-cbb-stmry-sea-2026-02-18,cbb-stmry-sea-2026-02-18,single,cbb,Saint Mary's vs. Seattle 2026-02-18,YES,Gaels,LIMIT/DAY,1,1,3,0,0.613,1.841,0.002,,1,settled,1.159,0.6295491580662683324280282455,in-play,2026-02-19T02:00:00.000000Z,public reference: Polymarket international Gamma startTime + CLOB prices-history (fidelity 1m),,,in-play entry: no pre-start close to compare
P-9e9e686181,2026-02-19T03:52:34.905295Z,2026-02-19T04:17:26.911895Z,aec-cbb-pacfc-washst-2026-02-18,cbb-pacfc-washst-2026-02-18,single,cbb,Pacific vs. Washington State 2026-02-18,NO,Cougars,LIMIT/DAY,1,1,5,0,0.778,3.894,0.004,,1,settled,1.106,0.2840267077555213148433487417,in-play,2026-02-19T02:30:00.000000Z,public reference: Polymarket international Gamma startTime + CLOB prices-history (fidelity 1m),,,in-play entry: no pre-start close to compare
P-d0853dc583,2026-02-19T03:53:13.645849Z,2026-02-19T05:06:21.410106Z,aec-cbb-pepp-port-2026-02-18,cbb-pepp-port-2026-02-18,single,cbb,Pepperdine vs. Portland 2026-02-18,YES,Waves,LIMIT/DAY,2,2,14,0,0.7315714285714285714285714286,10.252,0.01,,1,settled,3.748,0.365587202497073741708934842,in-play,2026-02-19T03:00:00.000000Z,public reference: Polymarket international Gamma startTime + CLOB prices-history (fidelity 1m),,,in-play entry: no pre-start close to compare
P-ddb9abc94b,2026-02-19T03:53:26.498323Z,2026-02-19T04:36:31.385256Z,aec-cbb-boise-utahst-2026-02-18,cbb-boise-utahst-2026-02-18,single,cbb,Boise State vs. Utah State 2026-02-18,YES,Broncos,LIMIT/DAY+LIMIT/IMMEDIATE_OR_CANCEL,2,2,5,5,0.19,0.951,0.006,0.099,,exited,-0.461,-0.4847528916929547844374342797,in-play,2026-02-19T03:30:00.000000Z,public reference: Polymarket international Gamma startTime + CLOB prices-history (fidelity 1m),,,in-play entry: no pre-start close to compare
P-2b7225d603,2026-02-19T04:32:40.257931Z,2026-02-19T06:31:56.623469Z,aec-cbb-colst-unlv-2026-02-18,cbb-colst-unlv-2026-02-18,single,cbb,Colorado State vs. UNLV 2026-02-18,YES,Rams,LIMIT/DAY,2,2,25,0,0.73884,18.49,0.019,,1,settled,6.51,0.3520822065981611681990265008,in-play,2026-02-19T04:00:00.000000Z,public reference: Polymarket international Gamma startTime + CLOB prices-history (fidelity 1m),,,in-play entry: no pre-start close to compare
P-19d1ecbea8,2026-02-21T21:34:22.859166Z,2026-02-21T22:40:17.464226Z,aec-cbb-arz-hou-2026-02-21,cbb-arz-hou-2026-02-21,single,cbb,Arizona vs. Houston 2026-02-21,YES,Wildcats,LIMIT/DAY,1,1,7,0,0.411,2.877,0,,1,settled,4.123,1.433090024330900243309002433,in-play,2026-02-21T20:00:00.000000Z,public reference: Polymarket international Gamma startTime + CLOB prices-history (fidelity 1m),,,in-play entry: no pre-start close to compare
P-6f398287ac,2026-02-21T22:49:52.787256Z,2026-02-21T23:48:26.260940Z,aec-cbb-longwd-chsou-2026-02-21,cbb-longwd-chsou-2026-02-21,single,cbb,Longwood vs. Charleston Southern 2026-02-21,YES,Lancers,LIMIT/DAY,1,1,4,0,0.464,1.856,0,,1,settled,2.144,1.155172413793103448275862069,in-play,2026-02-21T21:00:00.000000Z,public reference: Polymarket international Gamma startTime + CLOB prices-history (fidelity 1m),,,in-play entry: no pre-start close to compare
P-9c0d004d2e,2026-02-21T22:50:18.247192Z,2026-02-21T23:17:35.977498Z,aec-cbb-winth-hpnt-2026-02-21,cbb-winth-hpnt-2026-02-21,single,cbb,Winthrop vs. High Point 2026-02-21,YES,Eagles,LIMIT/DAY,1,1,6,0,0.32,1.92,0,,0,settled,-1.92,-1,in-play,2026-02-21T21:00:00.000000Z,public reference: Polymarket international Gamma startTime + CLOB prices-history (fidelity 1m),,,in-play entry: no pre-start close to compare
P-958899db7c,2026-02-21T22:51:01.262465Z,2026-02-21T23:48:50.696062Z,aec-cbb-nal-lipsc-2026-02-21,cbb-nal-lipsc-2026-02-21,single,cbb,North Alabama vs. Lipscomb 2026-02-21,YES,Lions,LIMIT/DAY,1,1,7,0,0.275,1.925,0,,0,settled,-1.925,-1,in-play,2026-02-21T22:00:00.000000Z,public reference: Polymarket international Gamma startTime + CLOB prices-history (fidelity 1m),,,in-play entry: no pre-start close to compare
P-bb45234177,2026-02-21T22:51:54.401385Z,2026-02-21T23:27:35.999437Z,aec-cbb-usi-eill-2026-02-21,cbb-usi-eill-2026-02-21,single,cbb,Southern Indiana vs. Eastern Illinois 2026-02-21,YES,Screaming Eagles,LIMIT/DAY,1,1,17,0,0.878,14.936,0.01,,1,settled,2.064,0.1381896089983931440814140332,in-play,2026-02-21T21:30:00.000000Z,public reference: Polymarket international Gamma startTime + CLOB prices-history (fidelity 1m),,,in-play entry: no pre-start close to compare
P-83ac30ef49,2026-02-21T22:53:14.440715Z,2026-02-22T00:07:41.022358Z,aec-cbb-presb-scup-2026-02-21,cbb-presb-scup-2026-02-21,single,cbb,Presbyterian vs. USC Upstate 2026-02-21,NO,Spartans,LIMIT/DAY,1,1,10,0,0.883,8.84,0.01,,1,settled,1.16,0.1312217194570135746606334842,in-play,2026-02-21T21:30:00.000000Z,public reference: Polymarket international Gamma startTime + CLOB prices-history (fidelity 1m),,,in-play entry: no pre-start close to compare
P-f259ca2cc0,2026-02-21T23:31:47.747249Z,2026-02-22T00:13:42.972672Z,aec-cbb-sdst-colst-2026-02-21,cbb-sdst-colst-2026-02-21,single,cbb,San Diego State vs. Colorado State 2026-02-21,YES,Aztecs,LIMIT/DAY+LIMIT/IMMEDIATE_OR_CANCEL,4,3,33,33,0.4936666666666666666666666667,16.311,0.05,0.155,,exited,-11.226,-0.6882471951443810925142541843,in-play,2026-02-21T23:00:00.000000Z,public reference: Polymarket international Gamma startTime + CLOB prices-history (fidelity 1m),,,in-play entry: no pre-start close to compare
P-7f7f956f20,2026-02-27T01:06:22.831756Z,2026-02-27T02:23:07.757026Z,aec-nba-mia-phi-2026-02-26,nba-mia-phi-2026-02-26,single,nba,Miami vs. Philadelphia 2026-02-26,NO,76ers,LIMIT/DAY,1,1,25,0,0.79,19.77,0.02,,1,settled,5.23,0.2645422357106727364693980779,in-play,2026-02-27T00:00:00.000000Z,public reference: Polymarket international Gamma startTime + CLOB prices-history (fidelity 1m),,,in-play entry: no pre-start close to compare
P-e5808d3b94,2026-02-27T04:23:38.365554Z,2026-02-27T04:33:12.514975Z,aec-nba-lal-pho-2026-02-26,nba-lal-pho-2026-02-26,single,nba,Los Angeles L vs. Phoenix 2026-02-26,NO,Suns,LIMIT/DAY,1,1,31,0,0.79,24.51,0.02,,1,settled,6.49,0.2647898816809465524275805794,unknown,,,,,event not in public reference
P-3d879bd0cf,2026-03-01T00:18:15.745649Z,2026-03-01T01:01:55.998611Z,aec-cbb-okl-lsu-2026-02-28,cbb-okl-lsu-2026-02-28,single,cbb,Oklahoma vs. LSU 2026-02-28,YES,Sooners,LIMIT/DAY,1,1,13,0,0.75,9.76,0.01,,1,settled,3.24,0.3319672131147540983606557377,in-play,2026-02-28T23:00:00.000000Z,public reference: Polymarket international Gamma startTime + CLOB prices-history (fidelity 1m),,,in-play entry: no pre-start close to compare
P-114219027e,2026-03-01T00:18:41.171989Z,2026-03-01T01:12:31.045265Z,aec-cbb-mcnst-no-2026-02-28,cbb-mcnst-no-2026-02-28,single,cbb,McNeese State vs. New Orleans 2026-02-28,NO,Privateers,LIMIT/DAY,1,1,7,0,0.14,0.99,0.01,,0,settled,-0.99,-1,in-play,2026-02-28T23:00:00.000000Z,public reference: Polymarket international Gamma startTime + CLOB prices-history (fidelity 1m),,,in-play entry: no pre-start close to compare
P-1becde30de,2026-03-01T02:23:29.485844Z,2026-03-01T03:05:40.891161Z,aec-cbb-washst-pepp-2026-02-28,cbb-washst-pepp-2026-02-28,single,cbb,Washington State vs. Pepperdine 2026-02-28,NO,Waves,LIMIT/DAY,1,1,39,0,0.86,33.57,0.03,,1,settled,5.43,0.1617515638963360142984807864,in-play,2026-03-01T01:00:00.000000Z,public reference: Polymarket international Gamma startTime + CLOB prices-history (fidelity 1m),,,in-play entry: no pre-start close to compare
P-d2a6cd6be0,2026-03-01T03:54:18.137536Z,2026-03-01T05:38:01.863866Z,aec-cbb-gnzg-stmry-2026-02-28,cbb-gnzg-stmry-2026-02-28,single,cbb,Gonzaga vs. Saint Mary's 2026-02-28,YES,Bulldogs,LIMIT/DAY,2,1,32,0,0.620625,19.88,0.02,,0,settled,-19.88,-1,in-play,2026-03-01T03:30:00.000000Z,public reference: Polymarket international Gamma startTime + CLOB prices-history (fidelity 1m),,,in-play entry: no pre-start close to compare
P-28bac9049f,2026-03-01T03:54:25.861125Z,2026-03-01T04:54:26.530722Z,aec-cbb-lbst-csu-2026-02-28,cbb-lbst-csu-2026-02-28,single,cbb,Long Beach State vs. Bakersfield 2026-02-28,YES,Beach,LIMIT/DAY,1,1,15,0,0.66,9.91,0.01,,1,settled,5.09,0.5136226034308779011099899092,in-play,2026-03-01T02:30:00.000000Z,public reference: Polymarket international Gamma startTime + CLOB prices-history (fidelity 1m),,,in-play entry: no pre-start close to compare
P-088e166796,2026-03-01T03:54:40.998041Z,2026-03-01T05:46:21.115755Z,aec-cbb-uscb-ucirv-2026-02-28,cbb-uscb-ucirv-2026-02-28,single,cbb,UC Santa Barbara vs. UC Irvine 2026-02-28,NO,Anteaters,LIMIT/DAY,1,1,11,0,0.79,8.7,0.01,,1,settled,2.3,0.2643678160919540229885057471,in-play,2026-03-01T03:30:00.000000Z,public reference: Polymarket international Gamma startTime + CLOB prices-history (fidelity 1m),,,in-play entry: no pre-start close to compare
P-7088557fa6,2026-03-02T01:08:00.497633Z,2026-03-02T02:25:41.611235Z,aec-cbb-char-ncw-2026-03-01,cbb-char-ncw-2026-03-01,single,cbb,Charleston vs. UNCW 2026-03-01,NO,Seahawks,LIMIT/DAY,1,1,28,0,0.93,26.07,0.03,,0,settled,-26.07,-1,in-play,2026-03-02T00:00:00.000000Z,public reference: Polymarket international Gamma startTime + CLOB prices-history (fidelity 1m),,,in-play entry: no pre-start close to compare
P-baeedbe423,2026-03-02T04:00:59.931410Z,2026-03-02T04:07:31.983490Z,aec-nhl-cgy-ana-2026-03-01,nhl-cgy-ana-2026-03-01,single,nhl,CGY Flames vs. ANA Ducks 2026-03-01,NO,Ducks,LIMIT/DAY,1,1,1,0,0.58,0.59,0.01,,1,settled,0.41,0.694915254237288135593220339,unknown,,,,,event not in public reference
P-0fa9065d83,2026-03-04T01:27:09.818564Z,2026-03-04T02:00:56.827034Z,aec-cbb-ala-ga-2026-03-03,cbb-ala-ga-2026-03-03,single,cbb,Alabama vs. Georgia 2026-03-03,NO,Bulldogs,LIMIT/DAY,1,1,1,0,0.83,0.84,0.01,,1,settled,0.16,0.1904761904761904761904761905,in-play,2026-03-03T23:30:00.000000Z,public reference: Polymarket international Gamma startTime + CLOB prices-history (fidelity 1m),,,in-play entry: no pre-start close to compare
P-20f39c1eda,2026-03-04T02:14:51.595749Z,2026-03-04T02:42:32.623012Z,aec-cbb-okst-ucf-2026-03-03,cbb-okst-ucf-2026-03-03,single,cbb,Oklahoma State vs. UCF 2026-03-03,YES,Cowboys,LIMIT/DAY,1,1,1,0,0.66,0.67,0.01,,1,settled,0.33,0.4925373134328358208955223881,in-play,2026-03-04T00:00:00.000000Z,public reference: Polymarket international Gamma startTime + CLOB prices-history (fidelity 1m),,,in-play entry: no pre-start close to compare
P-c991042a4c,2026-03-04T03:20:22.272889Z,2026-03-04T04:35:42.214070Z,aec-cbb-kan-arzst-2026-03-03,cbb-kan-arzst-2026-03-03,single,cbb,Kansas vs. Arizona State 2026-03-03,NO,Sun Devils,LIMIT/DAY,1,1,1,0,0.89,0.9,0.01,,1,settled,0.1,0.1111111111111111111111111111,in-play,2026-03-04T02:00:00.000000Z,public reference: Polymarket international Gamma startTime + CLOB prices-history (fidelity 1m),,,in-play entry: no pre-start close to compare
P-d3fa730391,2026-03-04T03:21:15.732901Z,2026-03-04T17:00:37.025787Z,aec-cbb-miss-vand-2026-03-03,cbb-miss-vand-2026-03-03,single,cbb,Ole Miss vs. Vanderbilt 2026-03-03,NO,Commodores,LIMIT/DAY,1,1,1,0,0.55,0.56,0.01,,1,settled,0.44,0.7857142857142857142857142857,in-play,2026-03-04T02:00:00.000000Z,public reference: Polymarket international Gamma startTime + CLOB prices-history (fidelity 1m),,,in-play entry: no pre-start close to compare
P-f032f7b156,2026-03-08T00:55:26.653749Z,2026-03-08T01:39:12.003224Z,aec-cbb-ncar-duke-2026-03-07,cbb-ncar-duke-2026-03-07,single,cbb,North Carolina vs. Duke 2026-03-07,YES,Tar Heels,LIMIT/DAY,1,1,1,0,0.09,0.1,0.01,,0,settled,-0.1,-1,unknown,,,,,event not in public reference
P-ada92cb375,2026-03-08T00:55:47.206443Z,2026-03-08T01:51:46.724621Z,aec-cbb-soumis-applst-2026-03-07,cbb-soumis-applst-2026-03-07,single,cbb,Southern Miss vs. Appalachian State 2026-03-07,YES,Golden Eagles,LIMIT/DAY,1,1,2,0,0.91,1.83,0.01,,1,settled,0.17,0.09289617486338797814207650273,unknown,,,,,event not in public reference
P-a6e80fb545,2026-03-08T06:04:28.731464Z,2026-03-08T06:17:19.499268Z,aec-cbb-arz-col-2026-03-07,cbb-arz-col-2026-03-07,single,cbb,Arizona vs. Colorado 2026-03-07,YES,Wildcats,LIMIT/DAY,1,1,2,0,0.96,1.93,0.01,,1,settled,0.07,0.03626943005181347150259067358,unknown,,,,,event not in public reference
P-005b03be82,2026-03-09T23:00:55.730120Z,2026-03-10T00:23:06.737051Z,aec-cbb-no-tamu-2026-03-09,cbb-no-tamu-2026-03-09,single,cbb,New Orleans vs. Texas A&M-Corpus Christi 2026-03-09,NO,Islanders,LIMIT/DAY,1,1,2,0,0.8,1.6,0,,1,settled,0.4,0.25,unknown,,,,,event not in public reference
P-36f4b7322f,2026-03-10T02:13:22.749291Z,2026-03-10T03:16:21.634788Z,aec-cbb-tows-hofst-2026-03-09,cbb-tows-hofst-2026-03-09,single,cbb,Towson vs. Hofstra 2026-03-09,YES,Tigers,LIMIT/DAY,1,1,1,0,0.29,0.29,0,,0,settled,-0.29,-1,unknown,,,,,event not in public reference
P-8bf753e4bd,2026-03-11T02:35:39.761012Z,2026-03-11T04:31:24.556258Z,aec-nba-cha-por-2026-03-10,nba-cha-por-2026-03-10,single,nba,Charlotte vs. Portland 2026-03-10,NO,Trail Blazers,LIMIT/DAY,1,1,7,0,0.66,4.63,0.01,,0,settled,-4.63,-1,unknown,,,,,event not in public reference
P-7a326854ff,2026-03-11T02:36:16.449719Z,2026-03-11T04:40:36.008613Z,aec-cbb-utrgv-mcnst-2026-03-10,cbb-utrgv-mcnst-2026-03-10,single,cbb,Texas-Rio Grande Valley vs. McNeese State 2026-03-10,NO,Cowboys,LIMIT/DAY,1,1,6,0,0.9,5.42,0.02,,1,settled,0.58,0.1070110701107011070110701107,unknown,,,,,event not in public reference
P-3d8b63e85d,2026-03-12T20:19:45.163000Z,2026-03-12T21:13:22.247217Z,aec-cbb-lou-mia-2026-03-12,cbb-lou-mia-2026-03-12,single,cbb,Louisville vs. Miami 2026-03-12,NO,Hurricanes,LIMIT/DAY,1,1,9,0,0.71,6.41,0.02,,1,settled,2.59,0.4040561622464898595943837754,unknown,,,,,event not in public reference
P-9f6e414b62,2026-03-14T06:25:15.847995Z,2026-03-14T06:47:01.986758Z,aec-cbb-nmx-sdst-2026-03-13,cbb-nmx-sdst-2026-03-13,single,cbb,New Mexico vs. San Diego State 2026-03-13,NO,Aztecs,LIMIT/DAY,1,1,11,0,0.81,8.94,0.03,,1,settled,2.06,0.2304250559284116331096196868,unknown,,,,,event not in public reference
P-d85b5d5f5a,2026-03-14T17:54:01.150883Z,2026-03-14T19:14:12.577038Z,aec-cbb-vand-fl-2026-03-14,cbb-vand-fl-2026-03-14,single,cbb,Vanderbilt vs. Florida 2026-03-14,YES,Commodores,LIMIT/DAY,2,2,17,0,0.6570588235294117647058823529,11.2,0.03,,1,settled,5.8,0.5178571428571428571428571429,unknown,,,,,event not in public reference
P-b7fbbd2c5c,2026-03-17T01:48:08.035519Z,2026-03-17T02:07:32.812008Z,aec-nba-pho-bos-2026-03-16,nba-pho-bos-2026-03-16,single,nba,Phoenix vs. Boston 2026-03-16,YES,Suns,LIMIT/DAY,1,1,17,0,0.57,9.72,0.03,,0,settled,-9.72,-1,unknown,,,,,event not in public reference
P-4b083b6a9a,2026-03-17T02:55:42.958993Z,2026-03-17T04:03:41.465266Z,aec-nba-lal-hou-2026-03-16,nba-lal-hou-2026-03-16,single,nba,Los Angeles L vs. Houston 2026-03-16,NO,Rockets,LIMIT/DAY,1,1,11,0,0.65,7.17,0.02,,0,settled,-7.17,-1,unknown,,,,,event not in public reference
P-1571318265,2026-09-14T00:46:53.640827Z,2026-09-15T03:21:28.401342Z,caoc-7a37238e49a7f98a,,combo,nfl,Giants (DAL Cowboys vs NY Giants) | Chiefs (DEN Broncos vs KC Chiefs),YES,combo YES,LIMIT/IMMEDIATE_OR_CANCEL,1,1,28.29,0,0.34,9.9986,0.38,,1,settled,18.2914,1.829396115456163862940811714,in-play,2026-09-14T00:20:00.000000Z,exchange: earliest combo leg start,,,combo: no closing price for the combined contract
P-a5afb1d2b2,2026-09-15T03:25:10.318362Z,2026-09-15T05:03:45.264523Z,caoc-099cf6abe6e5c19b,,combo,atp+itfme+itfwo+mlb,Arthur Weber (Arthur Weber vs. Koki Matsuda) | Luka Pavlovic (Ha Minh Duc Vu vs. Luka Pavlovic) | Lachlan Vickery (Lachlan Vickery vs. Daniil Savelev) | Sheng Tang (Sheng Tang vs. Artem Markelov) | Priska Madelyn Nugroho (Miho Kuramochi vs. Priska Madelyn Nugroho) | Mutsumi Uemura (Mutsumi Uemura vs. Miyu Nakashima) | Ruien Zhang (Ruien Zhang vs. Rina Saigo) | Xinxin Yao (Xinxin Yao vs. Wushuang Zheng) | San Diego Padres (San Diego Padres vs. Colorado Rockies) | Los Angeles Angels (Seattle Mariners vs. Los Angeles Angels),YES,combo YES,LIMIT/IMMEDIATE_OR_CANCEL,1,1,32.32,0,0.297,9.99904,0.4,,0,settled,-9.99904,-1,in-play,2026-09-15T00:40:00.000000Z,exchange: earliest combo leg start,,,combo: no closing price for the combined contract
P-a6cf55fe01,2026-09-15T22:40:37.567194Z,2026-09-15T22:53:44.521941Z,caoc-9863e52deca57c14,,combo,setkamemd+setkameua,Goncharov Dmitri (Bulat Alexandru vs. Goncharov Dmitri) | Konkulovskyi Roman (Konkulovskyi Roman vs. Chaikovskyi Bohdan) | Kovalchuk Oleksandr (Kovalchuk Oleksandr vs. Rubtsov Eduard) | Hnoiovyi Roman (Ponomarenko Tymur vs. Hnoiovyi Roman),YES,combo YES,LIMIT/IMMEDIATE_OR_CANCEL,1,1,26.05,0,0.37,9.9985,0.36,,1,settled,16.0515,1.605390808621293193979096865,in-play,2026-09-15T22:25:00.000000Z,exchange: earliest combo leg start,,,combo: no closing price for the combined contract
P-a4a30e284e,2026-09-16T19:08:10.921636Z,2026-09-16T21:39:27.399083Z,caoc-d8e086e29ac07bb7,,combo,atp+mlb,Diego Dedura-Palomero (Diego Dedura-Palomero vs. Kilian Feldbausch) | Cleveland Guardians (Chicago White Sox vs. Cleveland Guardians) | Minnesota Twins (New York Yankees vs. Minnesota Twins) | San Francisco Giants (San Francisco Giants vs. St. Louis Cardinals),YES,combo YES,LIMIT/IMMEDIATE_OR_CANCEL,1,1,40.9,0,0.474,19.9966,0.61,,1,settled,20.9034,1.045347709110548793294860126,in-play,2026-09-16T16:40:00.000000Z,exchange: earliest combo leg start,,,combo: no closing price for the combined contract
P-84d9fb6a9b,2026-09-16T22:41:50.486875Z,2026-09-17T00:11:58.169463Z,caoc-bcea31b677f64eec,,combo,cs2+sud+wta,Bounty Hunters Esports (Bounty Hunters Esports vs. Yawara Esports) | Iva Jovic (Zeynep Sonmez vs. Iva Jovic) | Yes (CA Mineiro vs. Santos FC),YES,combo YES,LIMIT/IMMEDIATE_OR_CANCEL,1,1,12.27,0,0.805,9.99735,0.12,,1,settled,2.27265,0.2273252411889150624915602635,in-play,2026-09-16T21:00:00.000000Z,exchange: earliest combo leg start,,,combo: no closing price for the combined contract
P-fa01d02553,2026-09-17T00:22:18.729507Z,2026-09-17T02:12:14.596177Z,caoc-bf587cf5b4d8baba,,combo,mlb,Baltimore Orioles (Baltimore Orioles vs. New York Mets) | Cincinnati Reds (Los Angeles Dodgers vs. Cincinnati Reds) | Milwaukee Brewers (Milwaukee Brewers vs. Pittsburgh Pirates) | Philadelphia Phillies (Philadelphia Phillies vs. Washington Nationals),YES,combo YES,LIMIT/IMMEDIATE_OR_CANCEL,1,1,40.82,0,0.475,19.9995,0.61,,1,settled,20.8205,1.041051026275656891422285557,in-play,2026-09-16T22:40:00.000000Z,exchange: earliest combo leg start,,,combo: no closing price for the combined contract
P-dbce7b0dcb,2026-09-17T02:50:32.435408Z,2026-09-17T04:42:04.085706Z,caoc-001f30e34fc3ed67,,combo,lco+mlb+wta,Kansas City Royals (Kansas City Royals vs. Houston Astros) | Miami Marlins (Miami Marlins vs. Arizona Diamondbacks) | San Diego Padres (San Diego Padres vs. Colorado Rockies) | Liudmila Samsonova (Kayla Day vs. Liudmila Samsonova) | Yes (Internacional de Bogota vs. Atletico Nacional),YES,combo YES,LIMIT/IMMEDIATE_OR_CANCEL,1,1,39.41,0,0.62,24.9942,0.56,,1,settled,14.4158,0.576765809667842939561978379,in-play,2026-09-17T00:10:00.000000Z,exchange: earliest combo leg start,,,combo: no closing price for the combined contract
P-f4e65c3624,2026-09-17T08:01:19.817486Z,2026-09-17T09:18:16.065198Z,caoc-e27c9ed2e86d361e,,combo,atp+itfme+setkameua,Petr Bar Biryukov (Petr Bar Biryukov vs. Naoya Honda) | Ivan Gretskiy (Ivan Gretskiy vs. Keshav Chopra) | Matteo Vavassori (Matteo Vavassori vs. Martin VAN DER MEERSCHEN) | Mytsyk Oleksandr (Mytsyk Oleksandr vs. Ovsiienko Oleksandr),YES,combo YES,LIMIT/IMMEDIATE_OR_CANCEL,1,1,64.09,0,0.222,14.99798,0.77,,0,settled,-14.99798,-1,in-play,2026-09-17T06:10:42.000000Z,exchange: earliest combo leg start,,,combo: no closing price for the combined contract
P-ac90a15351,2026-09-17T09:12:55.213221Z,,caoc-5e8a0926babe559e,,combo,nfl,Bills (DET Lions vs BUF Bills) | Packers (GB Packers vs NY Jets) | Ravens (NO Saints vs BAL Ravens) | Eagles (PHI Eagles vs TEN Titans) | Patriots (PIT Steelers vs NE Patriots),YES,combo YES,LIMIT/IMMEDIATE_OR_CANCEL,1,1,78.83,0,0.18,14.9994,0.81,,,open,,,pregame,2026-09-18T00:15:00.000000Z,exchange: earliest combo leg start,,,combo: no closing price for the combined contract
P-1cc5412463,2026-09-17T09:15:15.793535Z,,caoc-1c5694c9b4792527,,combo,nfl,Buccaneers (CLE Browns vs TB Buccaneers) | Chiefs (IND Colts vs KC Chiefs) | Chargers (LV Raiders vs LA Chargers) | 49ers (MIA Dolphins vs SF 49ers) | Rams (NY Giants vs LA Rams) | Seahawks (SEA Seahawks vs ARI Cardinals) | Cowboys (WAS Commanders vs DAL Cowboys),YES,combo YES,LIMIT/IMMEDIATE_OR_CANCEL,1,1,115.9,0,0.122,14.9998,0.86,,,open,,,pregame,2026-09-20T17:00:00.000000Z,exchange: earliest combo leg start,,,combo: no closing price for the combined contract
P-5582f3404c,2026-09-17T09:16:52.078867Z,,caoc-a096b841e4635a3f,,combo,nfl,Falcons (CAR Panthers vs ATL Falcons) | Jaguars (JAC Jaguars vs DEN Broncos) | Vikings (MIN Vikings vs CHI Bears),YES,combo YES,LIMIT/IMMEDIATE_OR_CANCEL,1,1,146.71,0,0.064,9.99944,0.61,,,open,,,pregame,2026-09-20T17:00:00.000000Z,exchange: earliest combo leg start,,,combo: no closing price for the combined contract
P-60dd908018,2026-09-17T09:19:24.966804Z,,caoc-ec2d63794be414e2,,combo,nfl,Texans (CIN Bengals vs HOU Texans) | Packers (GB Packers vs NY Jets),YES,combo YES,LIMIT/IMMEDIATE_OR_CANCEL,1,1,26.03,0,0.368,9.99904,0.42,,,open,,,pregame,2026-09-20T17:00:00.000000Z,exchange: earliest combo leg start,,,combo: no closing price for the combined contract
